,2022-04,2022-05,2022-06,2022-07,2022-08,2022-09,2022-10,2022-11,2022-12,2023-01,2023-02,2023-03,2023-04,2023-05,2023-06,2023-07,2023-08,2023-09,2023-10,2023-11,2023-12,2024-01,2024-02,2024-03,2024-04,2024-05,2024-06,2024-07,2024-08,2024-09,2024-10,2024-11,2024-12,2025-01,2025-02,2025-03,2025-04,2025-05,2025-06,2025-07,2025-08,2025-09
2022-04-21,0.06,0.155,0.375,0.675,0.995,1.25,1.56,1.9,2.055,2.1,2.285,2.5,2.69,2.865,2.97,3.085,3.195,3.22,,,,,,,,,,,,,,,,,,,,,,,,
2022-04-26,0.06,0.185,0.465,0.835,1.195,1.485,1.82,2.19,2.375,2.395,2.565,2.78,2.98,3.175,3.28,3.39,3.495,3.515,,,,,,,,,,,,,,,,,,,,,,,,
2022-04-27,0.06,0.16,0.43,0.815,1.185,1.48,1.825,2.18,2.365,2.39,2.57,2.785,2.965,3.145,3.25,3.34,3.425,3.435,,,,,,,,,,,,,,,,,,,,,,,,
2022-04-28,0.06,0.25,0.565,0.955,1.33,1.63,1.95,2.295,2.47,2.505,2.68,2.895,3.065,3.175,3.275,3.345,3.385,3.385,,,,,,,,,,,,,,,,,,,,,,,,
2022-04-29,0.06,0.24,0.56,0.97,1.365,1.655,1.975,2.305,2.5,2.53,2.705,2.875,3.045,3.155,3.255,3.325,3.365,3.365,,,,,,,,,,,,,,,,,,,,,,,,
2022-05-02,0.06,0.23,0.53,0.925,1.34,1.63,1.965,2.32,2.515,2.54,2.725,2.915,3.055,3.17,3.23,3.31,3.355,3.37,,,,,,,,,,,,,,,,,,,,,,,,
2022-05-03,,0.195,0.5,0.895,1.315,1.62,1.985,2.36,2.565,2.595,2.79,3.005,3.185,3.31,3.38,3.44,3.475,3.475,,,,,,,,,,,,,,,,,,,,,,,,
2022-05-04,,0.28,0.65,1.08,1.5,1.82,2.185,2.56,2.765,2.795,2.99,3.205,3.385,3.51,3.58,3.64,3.675,3.675,,,,,,,,,,,,,,,,,,,,,,,,
2022-05-05,,0.285,0.635,1.12,1.595,1.975,2.38,2.9,3.025,3.06,3.25,3.465,3.645,3.77,3.84,3.9,3.935,3.935,,,,,,,,,,,,,,,,,,,,,,,,
2022-05-06,,0.285,0.605,1.04,1.53,1.885,2.29,2.71,2.89,2.925,3.095,3.26,3.44,3.565,3.635,3.695,3.73,3.73,,,,,,,,,,,,,,,,,,,,,,,,
2022-05-09,,0.285,0.61,1.065,1.555,1.94,2.355,2.79,2.985,3.02,3.19,3.37,3.495,3.575,3.61,3.62,3.62,3.625,,,,,,,,,,,,,,,,,,,,,,,,
2022-05-10,,0.285,0.595,1.015,1.5,1.875,2.325,2.77,2.945,2.985,3.175,3.34,3.47,3.56,3.6,3.62,3.625,3.63,,,,,,,,,,,,,,,,,,,,,,,,
2022-05-11,,0.285,0.575,0.95,1.39,1.765,2.195,2.655,2.85,2.885,3.06,3.24,3.38,3.465,3.515,3.555,3.56,3.565,,,,,,,,,,,,,,,,,,,,,,,,
2022-05-12,,0.285,0.58,0.97,1.41,1.77,2.18,2.615,2.805,2.835,3.005,3.185,3.33,3.415,3.455,3.48,3.48,3.48,,,,,,,,,,,,,,,,,,,,,,,,
2022-05-13,,0.285,0.57,0.935,1.365,1.71,2.13,2.555,2.73,2.755,2.9,3.08,3.225,3.31,3.35,3.375,3.375,3.375,,,,,,,,,,,,,,,,,,,,,,,,
2022-05-16,,0.28,0.565,0.91,1.315,1.65,2.04,2.44,2.635,2.675,2.86,3.04,3.13,3.225,3.265,3.29,3.29,3.29,,,,,,,,,,,,,,,,,,,,,,,,
2022-05-17,,0.285,0.565,0.915,1.335,1.65,2.04,2.445,2.65,2.69,2.88,3.03,3.155,3.255,3.295,3.32,3.32,3.32,,,,,,,,,,,,,,,,,,,,,,,,
2022-05-18,,0.285,0.59,0.99,1.415,1.72,2.11,2.505,2.715,2.755,2.95,3.11,3.235,3.335,3.375,3.4,3.4,3.4,,,,,,,,,,,,,,,,,,,,,,,,
2022-05-19,,0.285,0.575,0.97,1.425,1.72,2.095,2.5,2.715,2.765,2.97,3.13,3.255,3.355,3.395,3.42,3.42,3.42,,,,,,,,,,,,,,,,,,,,,,,,
2022-05-20,,0.285,0.55,0.905,1.335,1.625,1.985,2.385,2.605,2.655,2.865,3.03,3.17,3.29,3.33,3.355,3.355,3.355,,,,,,,,,,,,,,,,,,,,,,,,
2022-05-23,,0.285,0.55,0.9,1.295,1.575,1.905,2.275,2.52,2.56,2.79,2.955,3.095,3.215,3.255,3.28,3.28,3.28,,,,,,,,,,,,,,,,,,,,,,,,
2022-05-24,,0.285,0.56,0.895,1.31,1.59,1.93,2.305,2.53,2.575,2.8,2.965,3.105,3.225,3.265,3.29,3.29,3.29,,,,,,,,,,,,,,,,,,,,,,,,
2022-05-25,,0.285,0.565,0.895,1.305,1.59,1.93,2.29,2.515,2.565,2.8,2.965,3.105,3.225,3.265,3.29,3.29,3.29,,,,,,,,,,,,,,,,,,,,,,,,
2022-05-26,,0.285,0.57,0.92,1.305,1.58,1.905,2.27,2.465,2.515,2.745,2.9,3.02,3.135,3.16,3.165,3.165,3.165,,,,,,,,,,,,,,,,,,,,,,,,
2022-05-27,,0.285,0.58,0.93,1.325,1.61,1.94,2.31,2.51,2.555,2.765,2.92,3.04,3.155,3.18,3.185,3.185,3.185,,,,,,,,,,,,,,,,,,,,,,,,
2022-05-30,,0.285,0.585,0.945,1.35,1.635,1.975,2.335,2.53,2.58,2.79,2.945,3.065,3.18,3.205,3.21,3.21,3.21,,,,,,,,,,,,,,,,,,,,,,,,
2022-05-31,,0.285,0.585,0.945,1.35,1.635,1.975,2.335,2.53,2.58,2.79,2.945,3.065,3.18,3.205,3.21,3.21,3.21,,,,,,,,,,,,,,,,,,,,,,,,
2022-06-01,,0.285,0.59,0.955,1.36,1.665,2.01,2.4,2.62,2.67,2.9,3.065,3.215,3.345,3.37,3.375,3.375,3.375,3.37,,,,,,,,,,,,,,,,,,,,,,,
2022-06-02,,,0.585,0.96,1.37,1.68,2.035,2.435,2.665,2.715,2.945,3.11,3.28,3.435,3.46,3.465,3.465,3.465,3.46,3.46,,,,,,,,,,,,,,,,,,,,,,
2022-06-03,,,0.59,0.96,1.395,1.72,2.11,2.54,2.75,2.805,3.055,3.22,3.39,3.545,3.57,3.575,3.575,3.575,3.57,3.57,,,,,,,,,,,,,,,,,,,,,,
2022-06-06,,,0.57,0.955,1.38,1.705,2.085,2.495,2.725,2.795,3.045,3.21,3.38,3.535,3.56,3.565,3.565,3.565,3.56,3.56,,,,,,,,,,,,,,,,,,,,,,
2022-06-07,,,0.56,0.92,1.335,1.65,2.03,2.43,2.695,2.76,3.01,3.18,3.35,3.505,3.53,3.535,3.535,3.535,3.535,3.535,,,,,,,,,,,,,,,,,,,,,,
2022-06-08,,,0.69,1.155,1.625,1.98,2.36,2.76,3.105,3.16,3.41,3.58,3.75,3.905,3.93,3.935,3.935,3.935,3.935,3.935,,,,,,,,,,,,,,,,,,,,,,
2022-06-09,,,0.685,1.145,1.63,1.975,2.38,2.83,3.04,3.105,3.35,3.52,3.675,3.78,3.79,3.795,3.79,3.79,3.79,3.76,,,,,,,,,,,,,,,,,,,,,,
2022-06-10,,,0.69,1.155,1.63,1.965,2.355,2.795,3.025,3.085,3.31,3.46,3.59,3.68,3.69,3.695,3.69,3.69,3.69,3.65,,,,,,,,,,,,,,,,,,,,,,
2022-06-13,,,0.695,1.17,1.655,2.005,2.395,2.815,3.05,3.105,3.335,3.485,3.615,3.705,3.715,3.715,3.71,3.71,3.71,3.67,,,,,,,,,,,,,,,,,,,,,,
2022-06-14,,,0.695,1.17,1.655,2.005,2.395,2.815,3.05,3.105,3.335,3.485,3.615,3.705,3.715,3.715,3.71,3.71,3.71,3.67,,,,,,,,,,,,,,,,,,,,,,
2022-06-15,,,0.695,1.275,1.86,2.255,2.775,3.3,3.57,3.64,3.855,4.005,4.125,4.18,4.19,4.19,4.185,4.185,4.185,4.145,,,,,,,,,,,,,,,,,,,,,,
2022-06-16,,,0.7,1.325,1.96,2.405,2.92,3.465,3.83,3.895,4.175,4.325,4.385,4.425,4.43,4.43,4.425,4.425,4.41,4.37,,,,,,,,,,,,,,,,,,,,,,
2022-06-17,,,0.7,1.305,1.92,2.345,2.86,3.385,3.71,3.8,4.075,4.225,4.27,4.29,4.295,4.295,4.29,4.285,4.255,4.215,,,,,,,,,,,,,,,,,,,,,,
2022-06-20,,,0.7,1.3,1.92,2.365,2.885,3.44,3.785,3.87,4.155,4.305,4.35,4.37,4.375,4.375,4.37,4.365,4.335,4.295,,,,,,,,,,,,,,,,,,,,,,
2022-06-21,,,0.695,1.285,1.895,2.31,2.825,3.35,3.72,3.805,4.105,4.255,4.295,4.315,4.32,4.32,4.315,4.31,4.28,4.24,,,,,,,,,,,,,,,,,,,,,,
2022-06-22,,,0.695,1.21,1.78,2.18,2.64,3.13,3.485,3.57,3.845,4.03,4.07,4.1,4.135,4.165,4.165,4.165,4.135,4.105,,,,,,,,,,,,,,,,,,,,,,
2022-06-23,,,0.695,1.2,1.73,2.09,2.52,2.995,3.325,3.405,3.715,3.9,3.94,3.97,4.005,4.045,4.05,4.05,4.03,4.005,,,,,,,,,,,,,,,,,,,,,,
2022-06-24,,,0.695,1.2,1.695,2.045,2.45,2.9,3.24,3.315,3.605,3.79,3.83,3.86,3.895,3.935,3.94,3.94,3.92,3.895,,,,,,,,,,,,,,,,,,,,,,
2022-06-27,,,0.695,1.18,1.675,2.005,2.395,2.815,3.11,3.19,3.48,3.665,3.705,3.735,3.77,3.81,3.815,3.815,3.795,3.77,,,,,,,,,,,,,,,,,,,,,,
2022-06-28,,,0.69,1.195,1.685,2.02,2.445,2.865,3.2,3.28,3.555,3.735,3.775,3.805,3.84,3.88,3.885,3.885,3.865,3.84,,,,,,,,,,,,,,,,,,,,,,
2022-06-29,,,0.69,1.2,1.695,2.035,2.445,2.87,3.19,3.27,3.53,3.7,3.74,3.77,3.805,3.845,3.845,3.845,3.815,3.785,,,,,,,,,,,,,,,,,,,,,,
2022-06-30,,,0.69,1.195,1.685,2.015,2.415,2.835,3.14,3.225,3.48,3.64,3.68,3.71,3.745,3.785,3.785,3.775,3.745,3.715,,,,,,,,,,,,,,,,,,,,,,
2022-07-01,,,0.69,1.185,1.685,2.015,2.395,2.82,3.13,3.205,3.43,3.59,3.63,3.66,3.695,3.735,3.735,3.725,3.695,3.665,,,,,,,,,,,,,,,,,,,,,,
2022-07-05,,,,1.185,1.655,1.98,2.345,2.74,3.035,3.115,3.335,3.49,3.525,3.54,3.545,3.535,3.505,3.48,3.44,3.41,,,,,,,,,,,,,,,,,,,,,,
2022-07-06,,,,1.225,1.71,2.015,2.37,2.765,3.02,3.09,3.32,3.46,3.495,3.505,3.505,3.48,3.445,3.42,3.38,3.35,,,,,,,,,,,,,,,,,,,,,,
2022-07-08,,,,1.225,1.715,2.035,2.405,2.785,3.05,3.11,3.33,3.435,3.47,3.48,3.47,3.435,3.395,3.365,3.335,3.315,,,,,,,,,,,,,,,,,,,,,,
2022-07-11,,,,1.225,1.715,2.035,2.405,2.785,3.05,3.11,3.33,3.435,3.47,3.48,3.47,3.435,3.395,3.365,3.335,3.315,,,,,,,,,,,,,,,,,,,,,,
2022-07-12,,,,1.225,1.73,2.065,2.445,2.865,3.14,3.21,3.42,3.54,3.575,3.585,3.575,3.56,3.535,3.515,3.49,3.475,,,,,,,,,,,,,,,,,,,,,,
2022-07-13,,,,1.225,1.73,2.045,2.405,2.785,3.045,3.112,3.315,3.44,3.475,3.485,3.475,3.46,3.435,3.41,3.38,3.36,,,,,,,,,,,,,,,,,,,,,,
2022-07-14,,,,1.225,1.72,2.035,2.375,2.77,2.995,3.065,3.265,3.39,3.425,3.435,3.425,3.41,3.385,3.36,3.33,3.31,,,,,,,,,,,,,,,,,,,,,,
2022-07-15,,,,1.225,1.875,2.305,2.675,3.125,3.295,3.365,3.565,3.69,3.725,3.735,3.725,3.71,3.685,3.66,3.63,3.61,,,,,,,,,,,,,,,,,,,,,,
2022-07-21,,,,,,,,,,,,,,,,,,,,,,,,,,,,,,,,,,,,,,,,,,
2022-07-22,,,,,,,,,,,,,,,,,,,,,,,,,,,,,,,,,,,,,,,,,,
2022-07-25,,,,1.225,1.82,2.265,2.695,3.165,3.365,3.415,3.605,3.67,3.675,3.675,3.655,3.635,3.61,3.585,3.54,3.505,3.455,,,,,,,,,,,,,,,,,,,,,
2022-07-26,,,,1.225,1.82,2.23,2.65,3.105,3.315,3.375,3.55,3.615,3.62,3.615,3.595,3.575,3.55,3.52,3.47,3.43,3.38,,,,,,,,,,,,,,,,,,,,,
2022-07-27,,,,1.225,1.845,2.26,2.7,3.165,3.365,3.42,3.56,3.62,3.625,3.62,3.6,3.58,3.545,3.51,3.46,3.42,3.36,,,,,,,,,,,,,,,,,,,,,
2022-07-28,,,,1.225,1.76,2.13,2.545,2.97,3.185,3.23,3.38,3.44,3.445,3.44,3.42,3.4,3.365,3.33,3.28,3.24,3.18,,,,,,,,,,,,,,,,,,,,,
2022-07-29,,,,1.225,1.765,2.115,2.5,2.905,3.11,3.155,3.305,3.365,3.37,3.36,3.34,3.32,3.285,3.25,3.2,3.16,3.1,,,,,,,,,,,,,,,,,,,,,
2022-08-01,,,,1.225,1.75,2.08,2.4,2.755,2.955,3.0,3.175,3.235,3.21,3.19,3.17,3.15,3.115,3.08,3.02,2.97,2.91,,,,,,,,,,,,,,,,,,,,,
2022-08-02,,,,,1.76,2.13,2.47,2.82,3.06,3.11,3.255,3.315,3.29,3.27,3.25,3.23,3.195,3.16,3.1,3.05,2.99,,,,,,,,,,,,,,,,,,,,,
2022-08-03,,,,,1.775,2.08,2.4,2.755,2.955,2.995,3.14,3.2,3.175,3.155,3.135,3.115,3.08,3.04,2.98,2.93,2.87,,,,,,,,,,,,,,,,,,,,,
2022-08-04,,,,,1.77,2.11,2.425,2.805,3.02,3.06,3.225,3.275,3.25,3.23,3.21,3.2,3.185,3.145,3.095,3.05,2.995,,,,,,,,,,,,,,,,,,,,,
2022-08-09,,,,,1.775,2.16,2.535,2.95,3.205,3.28,3.425,3.5,3.475,3.46,3.46,3.46,3.45,3.42,3.375,3.34,3.29,,,,,,,,,,,,,,,,,,,,,
2022-08-10,,,,,1.775,2.155,2.535,2.955,3.205,3.28,3.43,3.505,3.48,3.465,3.465,3.465,3.455,3.425,3.38,3.345,3.295,,,,,,,,,,,,,,,,,,,,,
2022-08-11,,,,,1.775,2.155,2.555,2.98,3.265,3.325,3.505,3.58,3.555,3.54,3.54,3.54,3.53,3.5,3.455,3.42,3.37,,,,,,,,,,,,,,,,,,,,,
2022-08-12,,,,,1.775,2.155,2.54,2.975,3.26,3.325,3.51,3.59,3.575,3.575,3.575,3.575,3.575,3.545,3.5,3.465,3.415,,,,,,,,,,,,,,,,,,,,,
2022-08-15,,,,,1.775,2.155,2.545,2.975,3.285,3.36,3.55,3.63,3.69,3.72,3.71,3.71,3.71,3.68,3.635,3.6,3.55,,,,,,,,,,,,,,,,,,,,,
2022-08-16,,,,,1.775,2.15,2.535,2.955,3.255,3.34,3.52,3.625,3.66,3.685,3.68,3.68,3.68,3.65,3.605,3.57,3.52,,,,,,,,,,,,,,,,,,,,,
2022-08-23,,,,,,2.17,2.535,2.915,3.18,3.25,3.42,3.575,3.66,3.715,3.74,3.745,3.745,3.745,3.72,3.685,,,,,,,,,,,,,,,,,,,,,,
2022-08-25,,,,,,2.175,2.545,2.91,3.17,3.235,3.435,3.6,3.68,3.735,3.77,3.805,3.805,3.81,3.77,3.735,3.685,,,,,,,,,,,,,,,,,,,,,
2022-08-26,,,,,,2.175,2.555,2.935,3.195,3.26,3.445,3.62,3.71,3.765,3.805,3.85,3.855,3.86,3.82,3.785,3.74,,,,,,,,,,,,,,,,,,,,,
2022-08-29,,,,,1.775,2.175,2.555,2.935,3.19,3.25,3.43,3.585,3.67,3.72,3.76,3.795,3.805,3.78,3.74,3.705,3.66,,,,,,,,,,,,,,,,,,,,,
2022-08-30,,,,,1.775,2.185,2.61,3.015,3.275,3.345,3.55,3.715,3.82,3.895,3.95,4.005,4.01,4.01,3.97,3.935,3.88,,,,,,,,,,,,,,,,,,,,,
2022-09-01,,,,,,2.18,2.59,2.975,3.2,3.265,3.44,3.58,3.685,3.76,3.8,3.835,3.835,3.805,3.765,3.735,3.69,3.68,,,,,,,,,,,,,,,,,,,,
2022-09-02,,,,,,2.18,2.59,3.01,3.235,3.295,3.49,3.64,3.745,3.81,3.86,3.91,3.915,3.88,3.84,3.805,3.755,3.75,,,,,,,,,,,,,,,,,,,,
2022-09-05,,,,,,2.18,2.59,2.965,3.205,3.265,3.47,3.615,3.71,3.775,3.805,3.84,3.84,3.815,3.785,3.755,3.72,3.71,3.69,,,,,,,,,,,,,,,,,,,
2022-09-06,,,,,,2.18,2.59,2.965,3.205,3.265,3.47,3.615,3.71,3.775,3.805,3.84,3.84,3.815,3.785,3.755,3.72,3.71,3.69,,,,,,,,,,,,,,,,,,,
2022-09-07,,,,,,2.205,2.61,2.975,3.205,3.255,3.43,3.57,3.66,3.72,3.75,3.775,3.775,3.75,3.72,3.695,3.655,3.65,3.63,,,,,,,,,,,,,,,,,,,
2022-09-08,,,,,,2.205,2.605,2.95,3.17,3.225,3.405,3.555,3.655,3.7,3.74,3.765,3.765,3.745,3.72,3.7,3.68,3.675,3.67,,,,,,,,,,,,,,,,,,,
2022-09-09,,,,,,2.205,2.575,2.895,3.075,3.13,3.265,3.4,3.49,3.55,3.555,3.55,3.55,3.54,3.525,3.515,3.495,3.49,3.48,,,,,,,,,,,,,,,,,,,
2022-09-12,,,,,,2.205,2.59,2.91,3.115,3.165,3.295,3.425,3.525,3.575,3.58,3.58,3.57,3.555,3.535,3.515,3.485,3.48,3.47,,,,,,,,,,,,,,,,,,,
2022-09-14,,,,,,2.205,2.59,2.92,3.115,3.17,3.28,3.4,3.53,3.545,3.575,3.565,3.555,3.54,3.515,3.495,3.465,3.46,3.445,,,,,,,,,,,,,,,,,,,
2022-09-15,,,,,,2.205,2.64,3.025,3.24,3.295,3.43,3.585,3.705,3.735,3.73,3.735,3.72,3.71,3.68,3.655,3.615,3.61,3.59,,,,,,,,,,,,,,,,,,,
2022-09-16,,,,,,2.205,2.645,3.045,3.28,3.34,3.48,3.655,3.795,3.845,3.84,3.85,3.84,3.825,3.805,3.785,3.755,3.75,3.735,,,,,,,,,,,,,,,,,,,
2022-09-19,,,,,,2.205,2.67,3.065,3.31,3.37,3.53,3.725,3.87,3.92,3.915,3.925,3.91,3.89,3.87,3.855,3.82,3.81,3.79,,,,,,,,,,,,,,,,,,,
2022-09-20,,,,,,2.205,2.67,3.06,3.295,3.35,3.51,3.69,3.835,3.895,3.9,3.9,3.87,3.865,3.845,3.825,3.785,3.78,3.755,,,,,,,,,,,,,,,,,,,
2022-09-21,,,,,,2.205,2.675,3.05,3.27,3.33,3.48,3.66,3.8,3.86,3.865,3.85,3.835,3.82,3.8,3.78,3.74,3.73,3.71,,,,,,,,,,,,,,,,,,,
2022-09-22,,,,,,2.205,2.665,3.05,3.26,3.32,3.475,3.655,3.79,3.865,3.85,3.85,3.83,3.82,3.8,3.775,3.735,3.725,3.705,,,,,,,,,,,,,,,,,,,
2022-09-23,,,,,,2.205,2.665,3.05,3.26,3.32,3.475,3.655,3.79,3.865,3.85,3.85,3.83,3.82,3.8,3.775,3.735,3.725,3.705,,,,,,,,,,,,,,,,,,,
2022-09-26,,,,,,2.205,2.685,3.1,3.34,3.4,3.555,3.79,4.0,4.115,4.14,4.155,4.155,4.155,4.14,4.12,4.075,4.065,4.045,,,,,,,,,,,,,,,,,,,
2022-09-27,,,,,,2.205,2.71,3.13,3.38,3.45,3.635,3.87,4.1,4.29,4.31,4.325,4.325,4.325,4.31,4.29,4.245,4.235,4.215,,,,,,,,,,,,,,,,,,,
2022-09-28,,,,,,2.205,2.68,3.105,3.36,3.425,3.605,3.835,4.1,4.28,4.3,4.31,4.31,4.31,4.305,4.29,4.25,4.245,4.23,,,,,,,,,,,,,,,,,,,
2022-09-29,,,,,,2.205,2.68,3.095,3.345,3.405,3.58,3.81,4.045,4.22,4.24,4.24,4.24,4.24,4.23,4.22,4.2,4.2,4.195,,,,,,,,,,,,,,,,,,,
2022-09-30,,,,,,2.205,2.68,3.095,3.325,3.39,3.55,3.77,3.97,4.13,4.14,4.14,4.14,4.135,4.115,4.095,4.07,4.065,4.055,,,,,,,,,,,,,,,,,,,
2022-10-03,,,,,,2.205,2.695,3.09,3.325,3.385,3.535,3.75,3.965,4.09,4.1,4.1,4.095,4.08,4.065,4.05,4.03,4.025,4.015,,,,,,,,,,,,,,,,,,,
2022-10-04,,,,,,2.205,2.695,3.09,3.325,3.385,3.535,3.75,3.965,4.09,4.1,4.1,4.095,4.08,4.065,4.05,4.03,4.025,4.015,,,,,,,,,,,,,,,,,,,
2022-10-05,,,,,,,2.52,2.78,2.93,2.955,3.11,3.265,3.43,3.555,3.56,3.57,3.565,3.55,3.53,3.52,3.515,3.515,3.515,3.51,,,,,,,,,,,,,,,,,,
2022-10-06,,,,,,,2.52,2.78,2.935,2.97,3.095,3.25,3.415,3.535,3.54,3.55,3.545,3.53,3.53,3.54,3.535,3.535,3.535,3.53,,,,,,,,,,,,,,,,,,
2022-10-07,,,,,,,2.52,2.79,2.965,3.0,3.125,3.28,3.445,3.565,3.615,3.625,3.62,3.605,3.605,3.615,3.61,3.61,3.61,3.605,,,,,,,,,,,,,,,,,,
2022-10-10,,,,,,,2.52,2.8,2.98,3.015,3.185,3.41,3.615,3.74,3.765,3.785,3.8,3.815,3.83,3.835,3.835,3.815,3.82,3.8,,,,,,,,,,,,,,,,,,
2022-10-11,,,,,,,2.525,2.805,2.97,3.01,3.165,3.39,3.595,3.74,3.775,3.805,3.835,3.86,3.885,3.885,3.875,3.87,3.87,3.855,,,,,,,,,,,,,,,,,,
2022-10-12,,,,,,,2.525,2.795,2.975,3.015,3.16,3.375,3.595,3.755,3.81,3.885,3.92,3.95,3.98,3.98,3.97,3.97,3.97,3.955,,,,,,,,,,,,,,,,,,
2022-10-13,,,,,,,2.525,2.775,2.945,2.985,3.095,3.3,3.505,3.655,3.74,3.81,3.855,3.89,3.93,3.935,3.93,3.93,3.925,3.905,,,,,,,,,,,,,,,,,,
2022-10-14,,,,,,,2.525,2.765,2.905,2.94,3.06,3.25,3.46,3.61,3.695,3.765,3.81,3.845,3.895,3.9,3.9,3.9,3.915,3.895,,,,,,,,,,,,,,,,,,
2022-10-17,,,,,,,2.525,2.795,2.955,2.995,3.13,3.34,3.55,3.725,3.8,3.88,3.935,3.975,4.02,4.025,4.015,4.015,4.02,4.0,,,,,,,,,,,,,,,,,,
2022-10-18,,,,,,,2.525,2.795,2.96,3.0,3.12,3.325,3.55,3.74,3.805,3.875,3.93,3.97,4.015,4.02,4.01,4.01,4.015,3.995,,,,,,,,,,,,,,,,,,
2022-10-19,,,,,,,2.525,2.8,2.97,3.015,3.17,3.365,3.57,3.75,3.825,3.88,3.92,3.95,3.97,3.975,3.97,3.97,3.955,3.93,,,,,,,,,,,,,,,,,,
2022-10-20,,,,,,,2.525,2.82,3.025,3.07,3.23,3.44,3.66,3.84,3.905,3.975,4.02,4.045,4.07,4.075,4.065,4.065,4.05,4.02,,,,,,,,,,,,,,,,,,
2022-10-21,,,,,,,2.525,2.83,3.035,3.08,3.28,3.52,3.745,3.935,4.02,4.105,4.16,4.195,4.23,4.23,4.21,4.205,4.195,4.165,,,,,,,,,,,,,,,,,,
2022-10-24,,,,,,,2.525,2.835,3.045,3.095,3.285,3.53,3.785,4.02,4.15,4.235,4.3,4.345,4.385,4.39,4.375,4.37,4.365,4.34,,,,,,,,,,,,,,,,,,
2022-10-25,,,,,,,2.525,2.82,3.015,3.065,3.235,3.455,3.7,3.935,4.03,4.12,4.18,4.215,4.25,4.255,4.245,4.245,4.235,4.21,,,,,,,,,,,,,,,,,,
2022-10-26,,,,,,,2.525,2.82,3.015,3.065,3.235,3.45,3.69,3.9,4.01,4.105,4.16,4.19,4.215,4.215,4.195,4.19,4.175,4.145,,,,,,,,,,,,,,,,,,
2022-10-27,,,,,,,2.525,2.84,3.06,3.11,3.295,3.52,3.74,3.925,4.035,4.115,4.155,4.17,4.17,4.17,4.14,4.135,4.115,4.085,,,,,,,,,,,,,,,,,,
2022-10-28,,,,,,,2.525,2.84,3.06,3.11,3.295,3.52,3.74,3.925,4.035,4.115,4.155,4.17,4.17,4.17,4.14,4.135,4.115,4.085,,,,,,,,,,,,,,,,,,
2022-11-01,,,,,,,2.525,2.85,3.065,3.115,3.29,3.48,3.655,3.815,3.875,3.93,3.94,3.94,3.94,3.94,3.935,3.93,3.92,3.89,,,,,,,,,,,,,,,,,,
2022-11-02,,,,,,,,2.795,2.995,3.04,3.2,3.385,3.565,3.72,3.78,3.85,3.885,3.905,3.915,3.92,3.915,3.91,3.92,3.905,3.885,,,,,,,,,,,,,,,,,
2022-11-03,,,,,,,,2.795,2.995,3.045,3.235,3.445,3.645,3.8,3.865,3.95,4.0,4.03,4.035,4.04,4.03,4.03,4.035,4.025,4.0,,,,,,,,,,,,,,,,,
2022-11-04,,,,,,,,2.795,3.005,3.05,3.24,3.47,3.69,3.86,3.955,4.05,4.105,4.13,4.135,4.135,4.13,4.125,4.135,4.125,4.095,,,,,,,,,,,,,,,,,
2022-11-07,,,,,,,,2.795,2.99,3.035,3.215,3.425,3.615,3.77,3.845,3.915,3.96,3.99,3.995,3.995,3.99,3.99,3.995,3.985,3.96,,,,,,,,,,,,,,,,,
2022-11-08,,,,,,,,2.795,2.985,3.025,3.205,3.415,3.61,3.785,3.855,3.915,3.955,3.985,4.01,4.015,4.01,4.005,4.015,4.005,3.98,,,,,,,,,,,,,,,,,
2022-11-09,,,,,,,,2.795,2.995,3.045,3.225,3.455,3.65,3.815,3.915,3.995,4.05,4.085,4.1,4.1,4.09,4.085,4.095,4.08,4.055,,,,,,,,,,,,,,,,,
2022-11-10,,,,,,,,2.795,2.99,3.035,3.215,3.43,3.61,3.775,3.85,3.92,3.975,4.0,4.015,4.015,4.01,4.01,4.015,4.0,3.975,,,,,,,,,,,,,,,,,
2022-11-11,,,,,,,,2.795,2.975,3.015,3.19,3.355,3.505,3.655,3.71,3.78,3.835,3.86,3.87,3.87,3.825,3.825,3.82,3.805,3.78,,,,,,,,,,,,,,,,,
2022-11-14,,,,,,,,2.795,2.96,3.0,3.16,3.32,3.455,3.59,3.635,3.69,3.735,3.765,3.77,3.77,3.765,3.765,3.755,3.74,3.78,,,,,,,,,,,,,,,,,
2022-11-15,,,,,,,,2.795,2.96,3.0,3.16,3.32,3.455,3.59,3.635,3.69,3.735,3.765,3.77,3.77,3.765,3.765,3.755,3.74,3.78,,,,,,,,,,,,,,,,,
2022-11-16,,,,,,,,2.795,2.975,3.015,3.19,3.36,3.515,3.65,3.72,3.79,3.845,3.88,3.9,3.9,3.885,3.88,3.875,3.855,3.835,,,,,,,,,,,,,,,,,
2022-11-17,,,,,,,,2.8,2.97,3.01,3.185,3.35,3.48,3.62,3.685,3.745,3.79,3.825,3.855,3.86,3.845,3.84,3.835,3.815,3.785,,,,,,,,,,,,,,,,,
2022-11-18,,,,,,,,2.8,2.98,3.025,3.19,3.345,3.45,3.57,3.625,3.675,3.72,3.76,3.775,3.78,3.77,3.77,3.755,3.725,3.685,,,,,,,,,,,,,,,,,
2022-11-21,,,,,,,,2.8,2.98,3.025,3.195,3.355,3.47,3.58,3.645,3.715,3.76,3.8,3.81,3.805,3.795,3.79,3.785,3.75,3.715,,,,,,,,,,,,,,,,,
2022-11-22,,,,,,,,2.8,2.985,3.02,3.195,3.345,3.46,3.575,3.63,3.695,3.75,3.79,3.805,3.81,3.795,3.79,3.785,3.765,3.73,,,,,,,,,,,,,,,,,
2022-11-23,,,,,,,,2.8,2.98,3.02,3.175,3.325,3.445,3.555,3.605,3.685,3.74,3.78,3.8,3.8,3.795,3.795,3.78,3.76,3.73,,,,,,,,,,,,,,,,,
2022-11-24,,,,,,,,2.8,2.99,3.035,3.2,3.37,3.51,3.625,3.705,3.78,3.84,3.885,3.91,3.915,3.91,3.905,3.89,3.855,3.82,,,,,,,,,,,,,,,,,
2022-11-25,,,,,,,,2.8,2.99,3.035,3.205,3.38,3.515,3.62,3.71,3.78,3.835,3.875,3.9,3.9,3.885,3.88,3.86,3.825,3.785,,,,,,,,,,,,,,,,,
2022-11-28,,,,,,,,2.8,2.99,3.035,3.205,3.375,3.515,3.635,3.7,3.78,3.84,3.865,3.88,3.885,3.865,3.86,3.845,3.81,3.77,,,,,,,,,,,,,,,,,
2022-11-29,,,,,,,,2.8,2.985,3.025,3.17,3.335,3.438,3.55,3.63,3.705,3.755,3.785,3.81,3.81,3.795,3.79,3.775,3.745,3.71,,,,,,,,,,,,,,,,,
2022-11-30,,,,,,,,2.8,2.98,3.02,3.17,3.33,3.445,3.56,3.64,3.71,3.76,3.795,3.83,3.835,3.815,3.815,3.805,3.78,3.745,,,,,,,,,,,,,,,,,
2022-12-01,,,,,,,,2.8,2.97,3.005,3.14,3.29,3.395,3.515,3.575,3.638,3.68,3.71,3.735,3.74,3.72,3.715,3.705,3.68,3.65,,,,,,,,,,,,,,,,,
2022-12-05,,,,,,,,,2.96,2.995,3.105,3.21,3.295,3.385,3.44,3.495,3.54,3.565,3.585,3.585,3.565,3.56,3.545,3.515,3.48,,,,,,,,,,,,,,,,,
2022-12-06,,,,,,,,,2.96,2.995,3.1,3.2,3.27,3.345,3.41,3.475,3.525,3.55,3.565,3.57,3.545,3.54,3.525,3.5,3.465,,,,,,,,,,,,,,,,,
2022-12-07,,,,,,,,,3.01,3.055,3.18,3.29,3.37,3.46,3.515,3.58,3.62,3.64,3.655,3.655,3.635,3.63,3.62,3.59,3.55,,,,,,,,,,,,,,,,,
2022-12-08,,,,,,,,,3.005,3.05,3.18,3.305,3.385,3.46,3.515,3.58,3.635,3.65,3.655,3.655,3.64,3.635,3.625,3.59,3.545,,,,,,,,,,,,,,,,,
2022-12-09,,,,,,,,,3.005,3.05,3.18,3.3,3.38,3.465,3.515,3.59,3.635,3.63,3.63,3.63,3.615,3.61,3.59,3.555,3.515,,,,,,,,,,,,,,,,,
2022-12-12,,,,,,,,,3.005,3.05,3.175,3.285,3.37,3.445,3.51,3.57,3.6,3.605,3.6,3.6,3.59,3.585,3.565,3.53,3.49,,,,,,,,,,,,,,,,,
2022-12-13,,,,,,,,,3.005,3.055,3.18,3.29,3.375,3.46,3.52,3.585,3.635,3.625,3.625,3.625,3.605,3.6,3.58,3.545,3.505,,,,,,,,,,,,,,,,,
2022-12-14,,,,,,,,,3.005,3.055,3.18,3.295,3.375,3.46,3.53,3.595,3.65,3.645,3.645,3.64,3.61,3.605,3.59,3.56,3.53,,,,,,,,,,,,,,,,,
2022-12-15,,,,,,,,,3.005,3.05,3.18,3.29,3.365,3.45,3.52,3.585,3.625,3.625,3.625,3.61,3.585,3.58,3.56,3.53,3.49,,,,,,,,,,,,,,,,,
2022-12-16,,,,,,,,,3.005,3.05,3.205,3.335,3.44,3.545,3.62,3.7,3.76,3.76,3.76,3.76,3.72,3.71,3.685,3.645,3.6,,,,,,,,,,,,,,,,,
2022-12-19,,,,,,,,,3.005,3.05,3.205,3.335,3.44,3.545,3.62,3.7,3.76,3.76,3.76,3.76,3.72,3.71,3.685,3.645,3.6,,,,,,,,,,,,,,,,,
2022-12-20,,,,,,,,,3.005,3.05,3.2,3.34,3.45,3.55,3.615,3.685,3.73,3.73,3.73,3.73,3.7,3.695,3.675,3.645,3.615,3.59,,,,,,,,,,,,,,,,
2022-12-21,,,,,,,,,3.005,3.05,3.2,3.36,3.46,3.565,3.63,3.705,3.76,3.77,3.77,3.77,3.745,3.74,3.73,3.71,3.69,3.675,,,,,,,,,,,,,,,,
2022-12-22,,,,,,,,,3.005,3.05,3.19,3.32,3.42,3.52,3.58,3.65,3.695,3.7,3.7,3.695,3.67,3.665,3.65,3.625,3.595,3.575,,,,,,,,,,,,,,,,
2022-12-23,,,,,,,,,3.01,3.05,3.195,3.34,3.438,3.54,3.62,3.705,3.765,3.775,3.775,3.78,3.755,3.75,3.735,3.715,3.69,3.67,,,,,,,,,,,,,,,,
2022-12-26,,,,,,,,,3.01,3.05,3.195,3.35,3.45,3.565,3.65,3.745,3.81,3.825,3.83,3.83,3.81,3.805,3.79,3.77,3.745,3.725,,,,,,,,,,,,,,,,
2022-12-27,,,,,,,,,3.01,3.05,3.195,3.35,3.45,3.565,3.65,3.745,3.81,3.825,3.83,3.83,3.81,3.805,3.79,3.77,3.745,3.725,,,,,,,,,,,,,,,,
2022-12-28,,,,,,,,,3.01,3.05,3.195,3.35,3.45,3.565,3.65,3.745,3.81,3.825,3.83,3.83,3.81,3.805,3.79,3.77,3.745,3.725,,,,,,,,,,,,,,,,
2023-01-02,,,,,,,,,3.01,3.05,3.19,3.355,3.485,3.615,3.73,3.85,3.935,3.98,3.985,3.985,4.015,4.01,4.02,4.0,3.975,3.955,,,,,,,,,,,,,,,,
2023-01-03,,,,,,,,,3.01,3.05,3.19,3.355,3.485,3.615,3.73,3.85,3.935,3.98,3.985,3.985,4.015,4.01,4.02,4.0,3.975,3.955,,,,,,,,,,,,,,,,
2023-01-04,,,,,,,,,,3.055,3.185,3.335,3.455,3.585,3.69,3.815,3.9,3.965,3.975,3.975,3.98,3.98,3.97,3.93,3.9,3.87,3.835,,,,,,,,,,,,,,,
2023-01-05,,,,,,,,,,3.055,3.195,3.345,3.47,3.605,3.695,3.8,3.9,3.935,3.945,3.945,3.915,3.91,3.895,3.865,3.83,3.805,3.77,,,,,,,,,,,,,,,
2023-01-06,,,,,,,,,,3.06,3.195,3.355,3.485,3.605,3.695,3.81,3.89,3.935,3.94,3.94,3.93,3.92,3.9,3.87,3.83,3.805,3.77,,,,,,,,,,,,,,,
2023-01-09,,,,,,,,,,3.06,3.215,3.375,3.51,3.63,3.725,3.84,3.92,3.97,3.98,3.98,3.965,3.96,3.94,3.91,3.875,3.855,3.82,,,,,,,,,,,,,,,
2023-01-10,,,,,,,,,,3.06,3.21,3.375,3.49,3.595,3.685,3.78,3.855,3.905,3.91,3.91,3.875,3.87,3.845,3.805,3.76,3.725,3.68,,,,,,,,,,,,,,,
2023-01-11,,,,,,,,,,3.065,3.21,3.375,3.495,3.595,3.665,3.755,3.84,3.865,3.865,3.87,3.84,3.83,3.805,3.765,3.715,3.68,3.59,,,,,,,,,,,,,,,
2023-01-12,,,,,,,,,,3.065,3.215,3.38,3.49,3.59,3.68,3.745,3.825,3.85,3.85,3.85,3.805,3.8,3.775,3.73,3.685,3.65,3.6,,,,,,,,,,,,,,,
2023-01-13,,,,,,,,,,3.206,3.215,3.37,3.465,3.555,3.625,3.7,3.76,3.765,3.765,3.765,3.74,3.73,3.7,3.65,3.6,3.565,3.52,,,,,,,,,,,,,,,
2023-01-16,,,,,,,,,,3.206,3.215,3.37,3.465,3.54,3.605,3.67,3.73,3.735,3.735,3.729,3.685,3.68,3.655,3.605,3.565,3.535,3.495,,,,,,,,,,,,,,,
2023-01-17,,,,,,,,,,3.206,3.22,3.375,3.475,3.555,3.6,3.68,3.73,3.735,3.735,3.735,3.7,3.695,3.67,3.63,3.585,3.555,3.51,,,,,,,,,,,,,,,
2023-01-19,,,,,,,,,,3.206,3.215,3.365,3.455,3.55,3.61,3.68,3.73,3.735,3.735,3.735,3.695,3.69,3.66,3.615,3.565,3.53,3.48,,,,,,,,,,,,,,,
2023-01-20,,,,,,,,,,3.206,3.19,3.305,3.236,3.43,3.465,3.52,3.53,3.53,3.525,3.529,3.475,3.465,3.43,3.38,3.325,3.28,3.292,,,,,,,,,,,,,,,
2023-01-23,,,,,,,,,,3.206,3.21,3.33,3.39,3.445,3.48,3.51,3.53,3.54,3.515,3.51,3.475,3.47,3.44,3.39,3.345,3.305,3.255,,,,,,,,,,,,,,,
2023-01-25,,,,,,,,,,3.206,3.2,3.32,3.39,3.47,3.5,3.535,3.57,3.57,3.57,3.55,3.505,3.495,3.47,3.43,3.38,3.345,3.23,,,,,,,,,,,,,,,
2023-01-26,,,,,,,,,,3.206,3.24,3.43,3.54,3.63,3.68,3.73,3.74,3.74,3.74,3.72,3.675,3.665,3.635,3.59,3.54,3.505,3.455,,,,,,,,,,,,,,,
2023-01-27,,,,,,,,,,3.206,3.24,3.43,3.54,3.63,3.68,3.73,3.74,3.74,3.74,3.72,3.675,3.665,3.635,3.59,3.54,3.505,3.455,,,,,,,,,,,,,,,
2023-01-30,,,,,,,,,,3.206,3.24,3.44,3.575,3.685,3.735,3.78,3.78,3.79,3.785,3.76,3.715,3.705,3.68,3.64,3.59,3.55,3.505,,,,,,,,,,,,,,,
2023-02-01,,,,,,,,,,3.206,3.24,3.49,3.545,3.65,3.71,3.74,3.75,3.755,3.745,3.72,3.675,3.67,3.64,3.6,3.55,3.515,3.465,,,,,,,,,,,,,,,
2023-02-03,,,,,,,,,,,3.24,3.41,3.52,3.63,3.675,3.715,3.72,3.71,3.69,3.66,3.62,3.61,3.58,3.535,3.485,3.445,3.4,3.35,,,,,,,,,,,,,,
2023-02-06,,,,,,,,,,,3.24,3.4,3.48,3.565,3.6,3.63,3.62,3.625,3.585,3.55,3.5,3.49,3.455,3.41,3.355,3.315,3.265,3.215,,,,,,,,,,,,,,
2023-02-07,,,,,,,,,,,3.25,3.475,3.66,3.8,3.855,3.9,3.93,3.92,3.885,3.845,3.795,3.785,3.75,3.71,3.655,3.615,3.56,3.505,,,,,,,,,,,,,,
2023-02-08,,,,,,,,,,,3.25,3.475,3.66,3.8,3.855,3.9,3.93,3.92,3.885,3.845,3.795,3.785,3.75,3.71,3.655,3.615,3.56,3.505,,,,,,,,,,,,,,
2023-02-09,,,,,,,,,,,3.25,3.475,3.67,3.825,3.895,3.935,3.96,3.965,3.93,3.895,3.84,3.83,3.8,3.745,3.69,3.65,3.595,3.54,,,,,,,,,,,,,,
2023-02-10,,,,,,,,,,,3.255,3.485,3.695,3.87,3.95,4.005,4.03,4.015,3.99,3.96,3.915,3.905,3.87,3.82,3.765,3.72,3.67,3.615,,,,,,,,,,,,,,
2023-02-13,,,,,,,,,,,3.255,3.495,3.715,3.905,4.0,4.09,4.135,4.11,4.08,4.06,4.01,4.0,3.965,3.915,3.86,3.82,3.765,3.71,,,,,,,,,,,,,,
2023-02-14,,,,,,,,,,,3.255,3.495,3.72,3.935,4.03,4.105,4.135,4.13,4.13,4.105,4.075,4.065,4.04,3.99,3.935,3.895,3.84,3.785,,,,,,,,,,,,,,
2023-02-15,,,,,,,,,,,3.255,3.495,3.705,3.895,4.005,4.07,4.11,4.105,4.105,4.095,4.06,4.05,4.025,3.975,3.92,3.88,3.825,3.77,,,,,,,,,,,,,,
2023-02-16,,,,,,,,,,,3.255,3.495,3.705,3.91,4.005,4.075,4.125,4.145,4.145,4.14,4.115,4.105,4.075,4.03,3.97,3.925,3.86,3.795,,,,,,,,,,,,,,
2023-02-17,,,,,,,,,,,3.255,3.485,3.675,3.845,3.94,4.03,4.095,4.105,4.105,4.09,4.07,4.065,4.045,4.0,3.94,3.9,3.84,3.785,,,,,,,,,,,,,,
2023-02-20,,,,,,,,,,,3.255,3.495,3.7,3.88,3.98,4.06,4.13,4.165,4.17,4.155,4.12,4.115,4.095,4.045,3.99,3.95,3.89,3.83,,,,,,,,,,,,,,
2023-02-21,,,,,,,,,,,3.255,3.495,3.695,3.87,3.99,4.085,4.175,4.19,4.19,4.18,4.16,4.155,4.13,4.08,4.02,3.975,3.91,3.85,,,,,,,,,,,,,,
2023-02-22,,,,,,,,,,,3.255,3.5,3.725,3.925,4.04,4.135,4.23,4.25,4.265,4.26,4.23,4.22,4.2,4.15,4.09,4.05,3.99,3.935,,,,,,,,,,,,,,
2023-02-23,,,,,,,,,,,3.255,3.5,3.715,3.905,4.015,4.115,4.21,4.215,4.215,4.205,4.185,4.18,4.165,4.12,4.07,4.03,3.98,3.925,,,,,,,,,,,,,,
2023-02-24,,,,,,,,,,,3.255,3.505,3.725,3.915,4.03,4.135,4.215,4.24,4.245,4.25,4.23,4.225,4.195,4.16,4.11,4.065,4.01,3.95,,,,,,,,,,,,,,
2023-02-27,,,,,,,,,,,3.255,3.505,3.73,3.92,4.03,4.135,4.215,4.245,4.245,4.245,4.225,4.22,4.195,4.15,4.095,4.05,3.99,3.93,,,,,,,,,,,,,,
2023-02-28,,,,,,,,,,,3.255,3.505,3.73,3.935,4.045,4.145,4.24,4.265,4.275,4.275,4.255,4.25,4.22,4.19,4.14,4.095,4.035,3.97,,,,,,,,,,,,,,
2023-03-01,,,,,,,,,,,3.255,3.505,3.73,3.935,4.045,4.145,4.24,4.265,4.275,4.275,4.255,4.25,4.22,4.19,4.14,4.095,4.035,3.97,,,,,,,,,,,,,,
2023-03-02,,,,,,,,,,,,3.495,3.695,3.885,3.99,4.08,4.145,4.175,4.18,4.17,4.145,4.145,4.115,4.075,4.03,3.99,3.93,3.865,3.815,,,,,,,,,,,,,
2023-03-03,,,,,,,,,,,,3.495,3.695,3.875,3.975,4.07,4.15,4.18,4.185,4.175,4.15,4.15,4.12,4.08,4.035,3.995,3.935,3.87,3.82,,,,,,,,,,,,,
2023-03-06,,,,,,,,,,,,3.495,3.695,3.875,3.975,4.07,4.15,4.18,4.185,4.175,4.15,4.15,4.12,4.08,4.035,3.995,3.935,3.87,3.82,,,,,,,,,,,,,
2023-03-07,,,,,,,,,,,,3.51,3.685,3.815,3.9,3.965,3.975,4.005,4.01,4.01,3.955,3.955,3.93,3.905,3.855,3.815,3.765,3.71,3.665,,,,,,,,,,,,,
2023-03-08,,,,,,,,,,,,3.51,3.685,3.815,3.9,3.965,3.975,4.005,4.01,4.01,3.955,3.955,3.93,3.905,3.855,3.815,3.765,3.71,3.665,,,,,,,,,,,,,
2023-03-09,,,,,,,,,,,,3.51,3.69,3.825,3.9,3.985,4.045,4.06,4.055,4.05,4.015,4.01,3.99,3.95,3.905,3.87,3.825,3.775,3.73,,,,,,,,,,,,,
2023-03-10,,,,,,,,,,,,3.51,3.685,3.81,3.886,3.96,4.02,4.085,4.035,4.025,3.995,4.0,3.975,3.935,3.885,3.85,3.805,3.76,3.715,,,,,,,,,,,,,
2023-03-13,,,,,,,,,,,,3.51,3.665,3.785,3.85,3.905,3.945,3.965,3.965,3.955,3.91,3.905,3.88,3.84,3.795,3.76,3.71,3.66,3.625,,,,,,,,,,,,,
2023-03-14,,,,,,,,,,,,3.5,3.56,3.56,3.58,3.55,3.505,3.495,3.495,3.485,3.44,3.435,3.41,3.39,3.39,3.365,3.36,3.36,3.35,,,,,,,,,,,,,
2023-03-15,,,,,,,,,,,,3.5,3.56,3.56,3.58,3.55,3.505,3.495,3.495,3.485,3.44,3.435,3.41,3.39,3.39,3.365,3.36,3.36,3.35,,,,,,,,,,,,,
2023-03-16,,,,,,,,,,,,3.505,3.6,3.655,3.655,3.635,3.625,3.615,3.625,3.615,3.57,3.565,3.54,3.52,3.515,3.49,3.47,3.44,3.42,,,,,,,,,,,,,
2023-03-17,,,,,,,,,,,,3.5,3.655,3.485,3.415,3.28,3.175,3.165,3.175,3.165,3.17,3.17,3.17,3.15,3.145,3.12,3.1,3.07,3.05,,,,,,,,,,,,,
2023-03-20,,,,,,,,,,,,3.505,3.585,3.6,3.58,3.535,3.475,3.465,3.475,3.465,3.465,3.46,3.45,3.43,3.405,3.38,3.36,3.33,3.31,,,,,,,,,,,,,
2023-03-21,,,,,,,,,,,,3.505,3.53,3.485,3.41,3.275,3.19,3.185,3.195,3.185,3.175,3.17,3.16,3.14,3.115,3.09,3.07,3.04,3.02,,,,,,,,,,,,,
2023-03-22,,,,,,,,,,,,3.5,3.55,3.525,3.44,3.315,3.19,3.185,3.195,3.185,3.175,3.17,3.155,3.135,3.11,3.085,3.065,3.035,3.015,,,,,,,,,,,,,
2023-03-23,,,,,,,,,,,,3.505,3.575,3.61,3.585,3.495,3.405,3.4,3.41,3.4,3.39,3.385,3.37,3.35,3.325,3.3,3.28,3.25,3.23,,,,,,,,,,,,,
2023-03-24,,,,,,,,,,,,3.51,3.59,3.615,3.585,3.515,3.44,3.415,3.385,3.355,3.33,3.32,3.3,3.275,3.25,3.225,3.205,3.175,3.155,,,,,,,,,,,,,
2023-03-27,,,,,,,,,,,,3.51,3.585,3.61,3.555,3.47,3.395,3.37,3.32,3.29,3.24,3.23,3.205,3.18,3.155,3.13,3.11,3.08,3.06,,,,,,,,,,,,,
2023-03-28,,,,,,,,,,,,3.51,3.58,3.6,3.535,3.435,3.345,3.32,3.27,3.24,3.19,3.185,3.16,3.135,3.11,3.085,3.065,3.035,3.015,,,,,,,,,,,,,
2023-03-29,,,,,,,,,,,,3.51,3.59,3.63,3.585,3.505,3.43,3.405,3.355,3.325,3.275,3.27,3.245,3.22,3.195,3.17,3.15,3.12,3.105,,,,,,,,,,,,,
2023-03-30,,,,,,,,,,,,3.51,3.595,3.64,3.605,3.54,3.475,3.45,3.4,3.37,3.32,3.315,3.29,3.265,3.24,3.215,3.195,3.165,3.15,,,,,,,,,,,,,
2023-03-31,,,,,,,,,,,,3.51,3.605,3.665,3.655,3.615,3.56,3.535,3.49,3.46,3.415,3.41,3.385,3.36,3.335,3.31,3.29,3.26,3.245,,,,,,,,,,,,,
2023-04-03,,,,,,,,,,,,3.51,3.6,3.66,3.635,3.59,3.53,3.515,3.475,3.44,3.4,3.39,3.365,3.34,3.315,3.29,3.27,3.24,3.225,,,,,,,,,,,,,
2023-04-04,,,,,,,,,,,,,3.6,3.655,3.66,3.63,3.585,3.58,3.525,3.495,3.45,3.445,3.415,3.38,3.355,3.33,3.31,3.28,3.265,3.255,,,,,,,,,,,,
2023-04-05,,,,,,,,,,,,,3.565,3.62,3.61,3.62,3.565,3.545,3.495,3.455,3.4,3.39,3.36,3.315,3.29,3.26,3.225,3.19,3.165,3.13,,,,,,,,,,,,
2023-04-06,,,,,,,,,,,,,3.565,3.615,3.625,3.62,3.585,3.54,3.485,3.44,3.375,3.365,3.33,3.27,3.245,3.21,3.165,3.12,3.09,3.05,,,,,,,,,,,,
2023-04-07,,,,,,,,,,,,,3.565,3.61,3.615,3.6,3.555,3.525,3.46,3.41,3.35,3.335,3.29,3.235,3.21,3.17,3.125,3.08,3.05,3.01,,,,,,,,,,,,
2023-04-10,,,,,,,,,,,,,3.565,3.61,3.615,3.6,3.555,3.525,3.46,3.41,3.35,3.335,3.29,3.235,3.21,3.17,3.125,3.08,3.05,3.01,,,,,,,,,,,,
2023-04-11,,,,,,,,,,,,,3.565,3.61,3.615,3.6,3.555,3.525,3.46,3.41,3.35,3.335,3.29,3.235,3.21,3.17,3.125,3.08,3.05,3.01,,,,,,,,,,,,
2023-04-12,,,,,,,,,,,,,3.565,3.62,3.63,3.62,3.595,3.575,3.535,3.49,3.415,3.385,3.34,3.3,3.27,3.23,3.18,3.13,3.1,3.06,,,,,,,,,,,,
2023-04-13,,,,,,,,,,,,,3.565,3.615,3.64,3.645,3.635,3.61,3.565,3.525,3.46,3.45,3.41,3.36,3.33,3.29,3.24,3.19,3.16,3.12,,,,,,,,,,,,
2023-04-14,,,,,,,,,,,,,3.565,3.62,3.645,3.655,3.655,3.63,3.6,3.56,3.505,3.495,3.46,3.41,3.38,3.34,3.29,3.24,3.205,3.165,,,,,,,,,,,,
2023-04-17,,,,,,,,,,,,,3.565,3.62,3.645,3.65,3.655,3.64,3.605,3.565,3.505,3.5,3.465,3.41,3.36,3.32,3.275,3.225,3.19,3.155,,,,,,,,,,,,
2023-04-18,,,,,,,,,,,,,3.565,3.62,3.645,3.675,3.67,3.665,3.625,3.59,3.54,3.53,3.505,3.46,3.41,3.37,3.325,3.275,3.24,3.205,,,,,,,,,,,,
2023-04-19,,,,,,,,,,,,,3.565,3.645,3.675,3.705,3.735,3.725,3.69,3.665,3.62,3.615,3.59,3.555,3.505,3.465,3.425,3.39,3.365,3.33,,,,,,,,,,,,
2023-04-20,,,,,,,,,,,,,3.565,3.655,3.71,3.74,3.785,3.78,3.765,3.745,3.705,3.7,3.68,3.64,3.59,3.55,3.51,3.475,3.45,3.415,,,,,,,,,,,,
2023-04-21,,,,,,,,,,,,,3.565,3.65,3.71,3.76,3.81,3.815,3.78,3.765,3.725,3.72,3.7,3.67,3.62,3.58,3.54,3.505,3.48,3.445,,,,,,,,,,,,
2023-04-24,,,,,,,,,,,,,3.565,3.645,3.695,3.74,3.785,3.785,3.76,3.74,3.695,3.685,3.66,3.62,3.57,3.53,3.49,3.455,3.43,3.395,,,,,,,,,,,,
2023-04-25,,,,,,,,,,,,,3.565,3.64,3.69,3.735,3.785,3.79,3.76,3.73,3.69,3.68,3.655,3.615,3.565,3.525,3.485,3.45,3.425,3.39,,,,,,,,,,,,
2023-04-26,,,,,,,,,,,,,3.565,3.64,3.69,3.735,3.785,3.79,3.76,3.73,3.69,3.68,3.655,3.615,3.565,3.525,3.485,3.45,3.425,3.39,,,,,,,,,,,,
2023-04-27,,,,,,,,,,,,,3.565,3.585,3.61,3.62,3.635,3.63,3.58,3.545,3.49,3.485,3.45,3.4,3.35,3.31,3.27,3.235,3.21,3.175,,,,,,,,,,,,
2023-04-28,,,,,,,,,,,,,3.565,3.59,3.61,3.63,3.65,3.655,3.61,3.57,3.52,3.515,3.48,3.435,3.385,3.345,3.305,3.27,3.245,3.21,,,,,,,,,,,,
2023-05-01,,,,,,,,,,,,,3.565,3.59,3.62,3.64,3.675,3.68,3.64,3.605,3.555,3.55,3.515,3.47,3.42,3.38,3.34,3.305,3.28,3.245,,,,,,,,,,,,
2023-05-02,,,,,,,,,,,,,,3.59,3.625,3.66,3.695,3.695,3.665,3.635,3.585,3.57,3.53,3.48,3.425,3.385,3.345,3.31,3.285,3.25,3.25,,,,,,,,,,,
2023-05-03,,,,,,,,,,,,,,3.795,3.85,3.905,3.96,3.965,3.95,3.92,3.86,3.855,3.815,3.755,3.695,3.655,3.615,3.575,3.53,3.475,3.38,,,,,,,,,,,
2023-05-04,,,,,,,,,,,,,,3.795,3.835,3.875,3.915,3.91,3.875,3.84,3.785,3.775,3.735,3.67,3.605,3.565,3.525,3.485,3.44,3.385,3.29,,,,,,,,,,,
2023-05-05,,,,,,,,,,,,,,3.795,3.825,3.845,3.87,3.845,3.775,3.715,3.645,3.62,3.56,3.5,3.415,3.375,3.305,3.265,3.22,3.165,3.075,,,,,,,,,,,
2023-05-08,,,,,,,,,,,,,,3.795,3.83,3.85,3.86,3.835,3.765,3.69,3.61,3.6,3.54,3.465,3.39,3.35,3.28,3.24,3.195,3.17,3.075,,,,,,,,,,,
2023-05-09,,,,,,,,,,,,,,3.795,3.83,3.86,3.895,3.88,3.805,3.68,3.7,3.69,3.63,3.575,3.5,3.46,3.39,3.35,3.305,3.25,3.185,,,,,,,,,,,
2023-05-10,,,,,,,,,,,,,,3.795,3.83,3.86,3.895,3.88,3.805,3.77,3.715,3.705,3.65,3.6,3.535,3.495,3.425,3.385,3.34,3.285,3.215,,,,,,,,,,,
2023-05-11,,,,,,,,,,,,,,3.795,3.835,3.865,3.9,3.885,3.815,3.76,3.715,3.705,3.665,3.6,3.53,3.49,3.42,3.38,3.34,3.285,3.215,,,,,,,,,,,
2023-05-12,,,,,,,,,,,,,,3.795,3.835,3.86,3.895,3.89,3.82,3.78,3.69,3.675,3.615,3.545,3.46,3.42,3.35,3.31,3.27,3.215,3.145,,,,,,,,,,,
2023-05-15,,,,,,,,,,,,,,3.8,3.835,3.865,3.905,3.885,3.81,3.74,3.665,3.65,3.59,3.495,3.41,3.355,3.285,3.245,3.205,3.15,3.08,,,,,,,,,,,
2023-05-16,,,,,,,,,,,,,,3.8,3.855,3.9,3.955,3.955,3.89,3.84,3.755,3.735,3.69,3.62,3.54,3.485,3.415,3.375,3.335,3.28,3.19,,,,,,,,,,,
2023-05-17,,,,,,,,,,,,,,3.8,3.845,3.895,3.955,3.94,3.895,3.85,3.775,3.765,3.695,3.625,3.545,3.49,3.42,3.38,3.34,3.285,3.19,,,,,,,,,,,
2023-05-18,,,,,,,,,,,,,,3.8,3.845,3.89,3.945,3.94,3.895,3.875,3.8,3.78,3.715,3.66,3.585,3.53,3.46,3.42,3.38,3.325,3.215,,,,,,,,,,,
2023-05-19,,,,,,,,,,,,,,3.8,3.845,3.9,3.965,3.975,3.945,3.93,3.865,3.86,3.805,3.74,3.675,3.62,3.55,3.51,3.47,3.415,3.305,,,,,,,,,,,
2023-05-22,,,,,,,,,,,,,,3.8,3.85,3.915,3.99,4.005,3.98,3.965,3.93,3.92,3.89,3.84,3.785,3.745,3.675,3.635,3.615,3.56,3.475,,,,,,,,,,,
2023-05-23,,,,,,,,,,,,,,3.8,3.845,3.9,3.96,3.965,3.95,3.935,3.885,3.88,3.85,3.8,3.745,3.705,3.635,3.595,3.575,3.52,3.435,,,,,,,,,,,
2023-05-24,,,,,,,,,,,,,,3.8,3.855,3.915,3.985,3.995,3.995,3.98,3.935,3.93,3.9,3.86,3.81,3.77,3.7,3.66,3.64,3.585,3.5,,,,,,,,,,,
2023-05-25,,,,,,,,,,,,,,3.8,3.845,3.9,3.965,3.965,3.955,3.94,3.895,3.885,3.845,3.795,3.74,3.705,3.635,3.595,3.575,3.52,3.435,,,,,,,,,,,
2023-05-26,,,,,,,,,,,,,,3.8,3.855,3.91,3.985,3.995,3.995,3.98,3.945,3.935,3.91,3.87,3.825,3.79,3.72,3.68,3.66,3.605,3.45,,,,,,,,,,,
2023-05-29,,,,,,,,,,,,,,3.8,3.85,3.915,3.98,3.985,3.985,3.975,3.955,3.945,3.935,3.89,3.84,3.805,3.735,3.695,3.675,3.62,3.465,,,,,,,,,,,
2023-05-30,,,,,,,,,,,,,,3.8,3.855,3.93,4.01,4.02,4.01,4.0,3.965,3.96,3.935,3.895,3.855,3.82,3.75,3.725,3.705,3.65,3.57,,,,,,,,,,,
2023-05-31,,,,,,,,,,,,,,3.8,3.87,3.95,4.03,4.03,4.035,4.02,3.98,3.97,3.945,3.905,3.855,3.82,3.75,3.725,3.705,3.65,3.56,,,,,,,,,,,
2023-06-01,,,,,,,,,,,,,,3.8,3.895,3.985,4.08,4.085,4.06,4.045,4.01,3.985,3.94,3.89,3.83,3.795,3.725,3.7,3.68,3.625,3.48,,,,,,,,,,,
2023-06-02,,,,,,,,,,,,,,,3.895,4.0,4.09,4.1,4.08,4.04,4.01,3.995,3.95,3.895,3.835,3.79,3.72,3.685,3.645,3.59,3.51,3.465,,,,,,,,,,
2023-06-05,,,,,,,,,,,,,,,3.925,4.045,4.135,4.155,4.16,4.14,4.085,4.075,4.015,3.98,3.915,3.87,3.8,3.765,3.725,3.67,3.565,3.52,,,,,,,,,,
2023-06-06,,,,,,,,,,,,,,,3.915,4.025,4.13,4.17,4.185,4.18,4.16,4.15,4.115,4.075,4.015,3.975,3.905,3.86,3.82,3.765,3.685,3.64,,,,,,,,,,
2023-06-07,,,,,,,,,,,,,,,4.01,4.125,4.235,4.28,4.29,4.28,4.25,4.23,4.2,4.155,4.1,4.055,3.985,3.94,3.915,3.855,3.735,3.685,,,,,,,,,,
2023-06-08,,,,,,,,,,,,,,,4.015,4.14,4.255,4.32,4.36,4.37,4.34,4.335,4.295,4.245,4.185,4.14,4.07,4.025,4.0,3.94,3.825,3.775,,,,,,,,,,
2023-06-09,,,,,,,,,,,,,,,4.015,4.15,4.305,4.395,4.46,4.48,4.485,4.475,4.47,4.405,4.35,4.31,4.24,4.2,4.175,4.115,4.0,3.955,,,,,,,,,,
2023-06-12,,,,,,,,,,,,,,,4.015,4.14,4.29,4.385,4.44,4.46,4.455,4.455,4.425,4.37,4.315,4.27,4.215,4.155,4.105,4.045,3.965,3.91,,,,,,,,,,
2023-06-13,,,,,,,,,,,,,,,4.015,4.14,4.29,4.385,4.44,4.46,4.455,4.455,4.425,4.37,4.315,4.27,4.215,4.155,4.105,4.045,3.965,3.91,,,,,,,,,,
2023-06-14,,,,,,,,,,,,,,,4.015,4.145,4.285,4.365,4.435,4.45,4.455,4.45,4.425,4.375,4.32,4.28,4.225,4.165,4.125,4.065,3.97,3.92,,,,,,,,,,
2023-06-15,,,,,,,,,,,,,,,4.015,4.155,4.31,4.395,4.46,4.49,4.5,4.5,4.48,4.435,4.39,4.355,4.3,4.24,4.2,4.14,4.08,4.035,,,,,,,,,,
2023-06-16,,,,,,,,,,,,,,,4.015,4.21,4.385,4.49,4.575,4.605,4.595,4.605,4.575,4.545,4.5,4.46,4.405,4.345,4.305,4.245,4.185,4.14,,,,,,,,,,
2023-06-19,,,,,,,,,,,,,,,4.015,4.215,4.395,4.5,4.6,4.645,4.635,4.63,4.615,4.575,4.52,4.48,4.425,4.365,4.325,4.265,4.18,4.13,,,,,,,,,,
2023-06-20,,,,,,,,,,,,,,,4.015,4.21,4.385,4.485,4.56,4.585,4.58,4.58,4.56,4.52,4.47,4.44,4.38,4.32,4.28,4.22,4.17,4.12,,,,,,,,,,
2023-06-21,,,,,,,,,,,,,,,4.015,4.17,4.33,4.415,4.5,4.54,4.535,4.535,4.515,4.48,4.44,4.405,4.345,4.295,4.26,4.2,4.145,4.085,,,,,,,,,,
2023-06-22,,,,,,,,,,,,,,,4.015,4.16,4.32,4.4,4.47,4.505,4.505,4.495,4.48,4.45,4.415,4.39,4.33,4.28,4.245,4.185,4.15,4.095,,,,,,,,,,
2023-06-23,,,,,,,,,,,,,,,4.015,4.17,4.34,4.43,4.505,4.555,4.565,4.555,4.535,4.51,4.475,4.445,4.38,4.33,4.295,4.235,4.19,4.13,,,,,,,,,,
2023-06-26,,,,,,,,,,,,,,,4.015,4.17,4.34,4.43,4.55,4.595,4.61,4.61,4.595,4.58,4.55,4.525,4.46,4.41,4.375,4.315,4.27,4.21,,,,,,,,,,
2023-06-27,,,,,,,,,,,,,,,4.015,4.145,4.3,4.39,4.47,4.53,4.54,4.54,4.53,4.51,4.475,4.44,4.375,4.325,4.29,4.23,4.185,4.125,,,,,,,,,,
2023-06-28,,,,,,,,,,,,,,,4.015,4.15,4.295,4.375,4.455,4.51,4.515,4.515,4.505,4.485,4.45,4.42,4.355,4.305,4.27,4.21,4.165,4.105,,,,,,,,,,
2023-06-29,,,,,,,,,,,,,,,4.015,4.135,4.275,4.335,4.385,4.435,4.45,4.445,4.44,4.42,4.39,4.365,4.3,4.25,4.215,4.155,4.11,4.05,,,,,,,,,,
2023-06-30,,,,,,,,,,,,,,,4.015,4.16,4.31,4.39,4.44,4.48,4.5,4.495,4.495,4.47,4.435,4.405,4.34,4.29,4.255,4.195,4.15,4.09,,,,,,,,,,
2023-07-03,,,,,,,,,,,,,,,4.015,4.17,4.32,4.405,4.465,4.525,4.55,4.565,4.56,4.555,4.53,4.5,4.445,4.405,4.37,4.315,4.27,4.21,,,,,,,,,,
2023-07-19,,,,,,,,,,,,,,,,4.065,4.16,4.205,4.25,4.305,4.335,4.335,4.345,4.345,4.345,4.32,4.3,4.27,4.23,4.185,4.14,4.07,4.015,,,,,,,,,
2023-07-20,,,,,,,,,,,,,,,,4.065,4.205,4.275,4.325,4.385,4.445,4.445,4.465,4.46,4.455,4.435,4.415,4.385,4.345,4.3,4.255,4.185,4.13,,,,,,,,,
2023-07-21,,,,,,,,,,,,,,,,4.065,4.215,4.275,4.33,4.4,4.445,4.455,4.47,4.475,4.475,4.46,4.44,4.415,4.37,4.325,4.28,4.21,4.16,,,,,,,,,
2023-07-24,,,,,,,,,,,,,,,,4.065,4.205,4.265,4.305,4.375,4.43,4.43,4.445,4.445,4.445,4.43,4.41,4.385,4.34,4.295,4.25,4.18,4.13,,,,,,,,,
2023-07-25,,,,,,,,,,,,,,,,4.065,4.2,4.26,4.295,4.36,4.425,4.425,4.45,4.455,4.455,4.445,4.43,4.41,4.37,4.345,4.29,4.235,4.17,,,,,,,,,
2023-07-26,,,,,,,,,,,,,,,,4.065,4.135,4.175,4.215,4.27,4.295,4.3,4.32,4.32,4.315,4.32,4.31,4.29,4.25,4.225,4.17,4.115,4.05,,,,,,,,,
2023-07-27,,,,,,,,,,,,,,,,4.065,4.125,4.165,4.205,4.255,4.27,4.275,4.275,4.28,4.27,4.26,4.235,4.21,4.17,4.15,4.105,4.05,3.985,,,,,,,,,
2023-07-28,,,,,,,,,,,,,,,,4.065,4.12,4.16,4.2,4.23,4.27,4.285,4.295,4.295,4.295,4.295,4.285,4.26,4.22,4.2,4.155,4.1,4.035,,,,,,,,,
2023-07-31,,,,,,,,,,,,,,,,4.065,4.135,4.175,4.21,4.255,4.295,4.305,4.315,4.32,4.31,4.31,4.29,4.265,4.225,4.205,4.16,4.105,4.04,,,,,,,,,
2023-08-01,,,,,,,,,,,,,,,,,4.065,4.105,4.145,4.195,4.225,4.215,4.22,4.215,4.21,4.195,4.17,4.145,4.105,4.085,4.04,3.985,3.92,3.92,,,,,,,,
2023-08-02,,,,,,,,,,,,,,,,,4.065,4.09,4.12,4.175,4.195,4.18,4.185,4.195,4.185,4.175,4.155,4.13,4.09,4.07,4.025,3.97,3.905,3.89,,,,,,,,
2023-08-03,,,,,,,,,,,,,,,,,4.065,4.09,4.125,4.18,4.19,4.19,4.19,4.195,4.185,4.17,4.15,4.125,4.075,4.05,3.995,3.935,3.875,3.85,,,,,,,,
2023-08-04,,,,,,,,,,,,,,,,,4.065,4.09,4.13,4.19,4.215,4.215,4.215,4.22,4.21,4.195,4.175,4.15,4.1,4.075,4.02,3.96,3.9,3.875,,,,,,,,
2023-08-07,,,,,,,,,,,,,,,,,4.065,4.085,4.115,4.165,4.195,4.19,4.2,4.195,4.195,4.175,4.155,4.13,4.08,4.055,4.0,3.955,3.9,3.88,,,,,,,,
2023-08-08,,,,,,,,,,,,,,,,,4.065,4.08,4.11,4.15,4.185,4.17,4.185,4.18,4.17,4.15,4.125,4.095,4.045,4.02,3.965,3.92,3.865,3.845,,,,,,,,
2023-08-09,,,,,,,,,,,,,,,,,4.065,4.085,4.115,4.155,4.18,4.185,4.195,4.195,4.195,4.175,4.15,4.12,4.07,4.045,3.99,3.945,3.89,3.87,,,,,,,,
2023-08-10,,,,,,,,,,,,,,,,,4.065,4.085,4.12,4.17,4.2,4.195,4.215,4.21,4.21,4.195,4.17,4.14,4.09,4.065,4.01,3.955,3.89,3.865,,,,,,,,
2023-08-11,,,,,,,,,,,,,,,,,4.065,4.085,4.115,4.17,4.205,4.215,4.23,4.235,4.235,4.225,4.205,4.18,4.135,4.11,4.055,4.0,3.94,3.915,,,,,,,,
2023-08-14,,,,,,,,,,,,,,,,,4.065,4.09,4.125,4.185,4.22,4.225,4.24,4.25,4.25,4.25,4.24,4.225,4.19,4.17,4.135,4.085,4.03,4.01,,,,,,,,
2023-08-15,,,,,,,,,,,,,,,,,4.065,4.085,4.12,4.18,4.215,4.225,4.25,4.255,4.255,4.255,4.25,4.235,4.21,4.19,4.16,4.115,4.065,4.045,,,,,,,,
2023-08-16,,,,,,,,,,,,,,,,,4.065,4.08,4.12,4.165,4.2,4.205,4.23,4.23,4.22,4.22,4.205,4.185,4.16,4.14,4.11,4.07,4.025,4.01,,,,,,,,
2023-08-17,,,,,,,,,,,,,,,,,4.065,4.075,4.105,4.16,4.195,4.2,4.215,4.24,4.235,4.24,4.235,4.23,4.205,4.19,4.16,4.125,4.085,4.065,,,,,,,,
2023-08-18,,,,,,,,,,,,,,,,,4.065,4.075,4.1,4.15,4.18,4.18,4.185,4.195,4.185,4.185,4.19,4.18,4.15,4.135,4.095,4.055,4.01,3.99,,,,,,,,
2023-08-21,,,,,,,,,,,,,,,,,4.065,4.075,4.095,4.145,4.165,4.165,4.19,4.195,4.19,4.195,4.185,4.175,4.15,4.13,4.095,4.055,4.01,3.99,,,,,,,,
2023-08-22,,,,,,,,,,,,,,,,,4.065,4.075,4.095,4.145,4.175,4.175,4.2,4.205,4.2,4.205,4.195,4.185,4.16,4.145,4.11,4.07,4.03,4.01,,,,,,,,
2023-08-23,,,,,,,,,,,,,,,,,4.065,4.075,4.09,4.135,4.17,4.165,4.18,4.19,4.185,4.195,4.185,4.175,4.145,4.125,4.09,4.05,4.005,3.985,,,,,,,,
2023-08-24,,,,,,,,,,,,,,,,,4.065,4.075,4.09,4.125,4.155,4.15,4.155,4.17,4.165,4.165,4.15,4.13,4.1,4.08,4.045,4.005,3.96,3.94,,,,,,,,
2023-08-25,,,,,,,,,,,,,,,,,4.065,4.075,4.09,4.135,4.165,4.165,4.18,4.19,4.19,4.19,4.185,4.175,4.15,4.13,4.095,4.055,4.005,3.985,,,,,,,,
2023-08-28,,,,,,,,,,,,,,,,,4.065,4.075,4.095,4.15,4.17,4.175,4.185,4.205,4.205,4.205,4.2,4.19,4.165,4.15,4.11,4.07,4.02,4.005,,,,,,,,
2023-08-29,,,,,,,,,,,,,,,,,4.065,4.075,4.1,4.145,4.175,4.175,4.18,4.19,4.19,4.195,4.19,4.18,4.145,4.125,4.085,4.045,3.995,3.975,,,,,,,,
2023-08-30,,,,,,,,,,,,,,,,,4.065,4.07,4.095,4.14,4.16,4.16,4.175,4.18,4.18,4.175,4.16,4.14,4.11,4.09,4.05,4.005,3.955,3.93,,,,,,,,
2023-08-31,,,,,,,,,,,,,,,,,4.065,4.07,4.09,4.13,4.15,4.15,4.155,4.16,4.15,4.14,4.12,4.1,4.055,4.03,3.985,3.94,3.885,3.865,,,,,,,,
2023-09-01,,,,,,,,,,,,,,,,,,4.07,4.09,4.13,4.14,4.145,4.145,4.15,4.135,4.125,4.1,4.075,4.025,4.0,3.955,3.905,3.855,3.835,3.785,,,,,,,
2023-09-04,,,,,,,,,,,,,,,,,,4.07,4.09,4.135,4.15,4.145,4.155,4.145,4.135,4.125,4.115,4.095,4.045,4.02,3.975,3.925,3.875,3.855,3.805,,,,,,,
2023-09-05,,,,,,,,,,,,,,,,,,4.065,4.085,4.13,4.145,4.15,4.145,4.145,4.14,4.125,4.12,4.1,4.06,4.04,4.0,3.955,3.905,3.885,3.84,,,,,,,
2023-09-06,,,,,,,,,,,,,,,,,,4.065,4.085,4.125,4.14,4.145,4.15,4.145,4.13,4.11,4.1,4.08,4.035,4.015,3.975,3.935,3.885,3.87,3.825,,,,,,,
2023-09-07,,,,,,,,,,,,,,,,,,4.065,4.085,4.13,4.155,4.16,4.175,4.165,4.16,4.145,4.14,4.125,4.09,4.07,4.035,4.0,3.955,3.94,3.9,,,,,,,
2023-09-08,,,,,,,,,,,,,,,,,,4.065,4.085,4.125,4.145,4.145,4.16,4.16,4.15,4.13,4.115,4.1,4.065,4.05,4.015,3.975,3.93,3.915,3.875,,,,,,,
2023-09-11,,,,,,,,,,,,,,,,,,4.065,4.08,4.125,4.15,4.15,4.165,4.165,4.155,4.155,4.14,4.13,4.095,4.075,4.04,4.005,3.96,3.94,3.9,,,,,,,
2023-09-12,,,,,,,,,,,,,,,,,,4.065,4.08,4.13,4.15,4.145,4.165,4.165,4.16,4.145,4.14,4.125,4.085,4.065,4.03,3.995,3.955,3.935,3.9,,,,,,,
2023-09-13,,,,,,,,,,,,,,,,,,4.065,4.08,4.13,4.165,4.165,4.18,4.175,4.17,4.165,4.16,4.135,4.1,4.09,4.055,4.02,3.98,3.965,3.93,,,,,,,
2023-09-14,,,,,,,,,,,,,,,,,,4.065,4.08,4.13,4.16,4.16,4.18,4.195,4.19,4.175,4.16,4.14,4.105,4.08,4.045,4.005,3.96,3.945,3.905,,,,,,,
2023-09-15,,,,,,,,,,,,,,,,,,4.065,4.08,4.13,4.16,4.16,4.19,4.185,4.18,4.165,4.16,4.14,4.105,4.085,4.05,4.01,3.965,3.945,3.9,,,,,,,
2023-09-18,,,,,,,,,,,,,,,,,,4.065,4.08,4.135,4.175,4.18,4.2,4.205,4.205,4.215,4.21,4.2,4.175,4.16,4.13,4.09,4.04,4.02,3.975,,,,,,,
2023-09-19,,,,,,,,,,,,,,,,,,4.065,4.08,4.135,4.175,4.18,4.21,4.22,4.215,4.22,4.205,4.195,4.17,4.155,4.125,4.085,4.04,4.02,3.98,,,,,,,
2023-09-20,,,,,,,,,,,,,,,,,,4.065,4.085,4.145,4.2,4.2,4.24,4.255,4.275,4.27,4.27,4.27,4.245,4.23,4.2,4.16,4.115,4.095,4.055,,,,,,,
2023-09-21,,,,,,,,,,,,,,,,,,4.065,4.085,4.15,4.21,4.22,4.29,4.305,4.33,4.325,4.325,4.34,4.32,4.305,4.275,4.235,4.19,4.17,4.13,,,,,,,
2023-09-22,,,,,,,,,,,,,,,,,,4.065,4.085,4.145,4.195,4.205,4.265,4.295,4.31,4.31,4.31,4.305,4.295,4.28,4.25,4.21,4.165,4.145,4.105,,,,,,,
2023-09-25,,,,,,,,,,,,,,,,,,4.065,4.085,4.15,4.2,4.205,4.26,4.285,4.295,4.3,4.295,4.285,4.27,4.26,4.23,4.2,4.16,4.14,4.1,,,,,,,
2023-09-26,,,,,,,,,,,,,,,,,,4.065,4.085,4.15,4.205,4.21,4.26,4.29,4.295,4.3,4.3,4.3,4.28,4.27,4.245,4.215,4.17,4.155,4.115,,,,,,,
2023-09-27,,,,,,,,,,,,,,,,,,4.065,4.085,4.15,4.2,4.205,4.255,4.28,4.28,4.29,4.29,4.28,4.275,4.26,4.235,4.2,4.155,4.14,4.105,,,,,,,
2023-09-28,,,,,,,,,,,,,,,,,,4.065,4.085,4.155,4.215,4.22,4.29,4.32,4.335,4.34,4.34,4.34,4.325,4.32,4.3,4.265,4.23,4.215,4.175,,,,,,,
2023-09-29,,,,,,,,,,,,,,,,,,4.065,4.085,4.16,4.21,4.22,4.285,4.32,4.345,4.33,4.335,4.325,4.305,4.3,4.275,4.245,4.21,4.195,4.155,,,,,,,
2023-10-02,,,,,,,,,,,,,,,,,,,4.09,4.165,4.22,4.23,4.295,4.33,4.355,4.34,4.345,4.335,4.315,4.31,4.285,4.255,4.22,4.205,4.165,4.165,,,,,,
2023-10-03,,,,,,,,,,,,,,,,,,,4.065,4.125,4.195,4.2,4.275,4.3,4.305,4.31,4.315,4.31,4.3,4.29,4.275,4.25,4.22,4.205,4.18,4.155,,,,,,
2023-10-04,,,,,,,,,,,,,,,,,,,4.065,4.13,4.19,4.2,4.27,4.295,4.305,4.31,4.32,4.325,4.305,4.3,4.29,4.27,4.25,4.24,4.22,4.2,,,,,,
2023-10-05,,,,,,,,,,,,,,,,,,,4.065,4.125,4.175,4.175,4.225,4.255,4.26,4.265,4.265,4.265,4.255,4.25,4.23,4.205,4.18,4.165,4.145,4.125,,,,,,
2023-10-06,,,,,,,,,,,,,,,,,,,4.065,4.12,4.155,4.155,4.2,4.22,4.22,4.22,4.22,4.22,4.205,4.2,4.18,4.15,4.12,4.105,4.08,4.06,,,,,,
2023-10-09,,,,,,,,,,,,,,,,,,,4.065,4.11,4.135,4.14,4.18,4.195,4.195,4.2,4.2,4.2,4.18,4.165,4.14,4.11,4.075,4.06,4.03,4.01,,,,,,
2023-10-10,,,,,,,,,,,,,,,,,,,4.065,4.105,4.13,4.135,4.175,4.18,4.175,4.185,4.17,4.16,4.135,4.13,4.105,4.07,4.035,4.02,3.99,3.965,,,,,,
2023-10-11,,,,,,,,,,,,,,,,,,,4.065,4.105,4.135,4.14,4.18,4.19,4.19,4.19,4.18,4.165,4.14,4.13,4.105,4.07,4.035,4.02,3.99,3.965,,,,,,
2023-10-12,,,,,,,,,,,,,,,,,,,4.065,4.11,4.145,4.145,4.18,4.2,4.19,4.19,4.175,4.16,4.135,4.125,4.1,4.065,4.03,4.015,3.985,3.96,,,,,,
2023-10-13,,,,,,,,,,,,,,,,,,,4.065,4.11,4.145,4.15,4.185,4.195,4.195,4.19,4.175,4.16,4.14,4.135,4.11,4.08,4.045,4.035,4.0,3.98,,,,,,
2023-10-16,,,,,,,,,,,,,,,,,,,4.065,4.11,4.14,4.145,4.19,4.195,4.195,4.185,4.185,4.17,4.145,4.135,4.11,4.08,4.04,4.03,3.995,3.975,,,,,,
2023-10-17,,,,,,,,,,,,,,,,,,,4.065,4.145,4.19,4.195,4.24,4.265,4.28,4.28,4.28,4.275,4.255,4.255,4.235,4.215,4.18,4.17,4.145,4.125,,,,,,
2023-10-18,,,,,,,,,,,,,,,,,,,4.065,4.145,4.205,4.21,4.275,4.31,4.335,4.35,4.36,4.365,4.355,4.365,4.365,4.345,4.31,4.3,4.27,4.25,,,,,,
2023-10-19,,,,,,,,,,,,,,,,,,,4.065,4.15,4.205,4.21,4.275,4.305,4.325,4.355,4.365,4.37,4.365,4.38,4.375,4.35,4.32,4.305,4.28,4.26,,,,,,
2023-10-20,,,,,,,,,,,,,,,,,,,4.065,4.14,4.195,4.2,4.255,4.3,4.315,4.335,4.345,4.34,4.33,4.34,4.33,4.305,4.275,4.265,4.245,4.225,,,,,,
2023-10-23,,,,,,,,,,,,,,,,,,,4.065,4.145,4.2,4.205,4.265,4.3,4.32,4.345,4.35,4.35,4.34,4.35,4.345,4.33,4.305,4.29,4.27,4.255,,,,,,
2023-10-24,,,,,,,,,,,,,,,,,,,4.065,4.14,4.185,4.19,4.245,4.275,4.295,4.31,4.31,4.31,4.295,4.305,4.29,4.26,4.23,4.215,4.195,4.175,,,,,,
2023-10-25,,,,,,,,,,,,,,,,,,,4.065,4.205,4.3,4.305,4.37,4.405,4.425,4.435,4.435,4.435,4.42,4.42,4.4,4.37,4.335,4.32,4.29,4.265,,,,,,
2023-10-26,,,,,,,,,,,,,,,,,,,4.065,4.19,4.28,4.285,4.355,4.39,4.415,4.445,4.445,4.44,4.44,4.44,4.42,4.39,4.36,4.345,4.32,4.3,,,,,,
2023-10-27,,,,,,,,,,,,,,,,,,,4.065,4.19,4.265,4.27,4.35,4.385,4.41,4.445,4.445,4.445,4.43,4.425,4.405,4.375,4.345,4.33,4.305,4.29,,,,,,
2023-10-30,,,,,,,,,,,,,,,,,,,4.065,4.2,4.285,4.29,4.37,4.425,4.45,4.495,4.5,4.495,4.495,4.5,4.5,4.48,4.455,4.445,4.425,4.41,,,,,,
2023-10-31,,,,,,,,,,,,,,,,,,,4.065,4.195,4.275,4.28,4.37,4.42,4.45,4.505,4.515,4.515,4.515,4.515,4.515,4.495,4.47,4.46,4.44,4.425,,,,,,
2023-11-01,,,,,,,,,,,,,,,,,,,,4.2,4.285,4.295,4.375,4.42,4.455,4.505,4.51,4.515,4.515,4.52,4.52,4.51,4.495,4.485,4.465,4.445,4.43,,,,,
2023-11-02,,,,,,,,,,,,,,,,,,,,4.195,4.285,4.29,4.365,4.405,4.44,4.465,4.475,4.475,4.47,4.465,4.455,4.43,4.4,4.39,4.365,4.345,4.32,,,,,
2023-11-03,,,,,,,,,,,,,,,,,,,,4.195,4.28,4.29,4.365,4.4,4.44,4.46,4.48,4.48,4.465,4.46,4.445,4.43,4.395,4.385,4.355,4.33,4.305,,,,,
2023-11-06,,,,,,,,,,,,,,,,,,,,4.195,4.275,4.285,4.355,4.395,4.425,4.45,4.45,4.45,4.44,4.435,4.42,4.395,4.355,4.34,4.305,4.28,4.25,,,,,
2023-11-07,,,,,,,,,,,,,,,,,,,,4.255,4.335,4.34,4.405,4.425,4.435,4.465,4.46,4.455,4.445,4.44,4.42,4.395,4.355,4.34,4.305,4.28,4.25,,,,,
2023-11-08,,,,,,,,,,,,,,,,,,,,4.255,4.33,4.335,4.39,4.415,4.43,4.44,4.43,4.425,4.395,4.38,4.345,4.31,4.27,4.255,4.215,4.19,4.16,,,,,
2023-11-09,,,,,,,,,,,,,,,,,,,,4.255,4.335,4.34,4.395,4.42,4.435,4.435,4.435,4.43,4.405,4.4,4.365,4.33,4.29,4.275,4.24,4.215,4.185,,,,,
2023-11-10,,,,,,,,,,,,,,,,,,,,4.255,4.335,4.335,4.395,4.425,4.445,4.46,4.46,4.46,4.44,4.435,4.41,4.385,4.355,4.34,4.31,4.275,4.24,,,,,
2023-11-13,,,,,,,,,,,,,,,,,,,,4.255,4.33,4.335,4.41,4.44,4.465,4.485,4.49,4.49,4.485,4.48,4.47,4.44,4.41,4.395,4.37,4.35,4.33,,,,,
2023-11-14,,,,,,,,,,,,,,,,,,,,4.255,4.335,4.34,4.405,4.44,4.47,4.49,4.495,4.495,4.48,4.475,4.455,4.43,4.395,4.38,4.355,4.335,4.315,,,,,
2023-11-15,,,,,,,,,,,,,,,,,,,,4.26,4.325,4.33,4.39,4.41,4.425,4.44,4.435,4.43,4.405,4.39,4.36,4.33,4.29,4.27,4.235,4.21,4.185,,,,,
2023-11-16,,,,,,,,,,,,,,,,,,,,4.26,4.325,4.325,4.39,4.41,4.43,4.435,4.435,4.43,4.395,4.39,4.36,4.32,4.28,4.265,4.225,4.2,4.17,,,,,
2023-11-17,,,,,,,,,,,,,,,,,,,,4.26,4.32,4.325,4.37,4.385,4.39,,4.39,4.375,4.335,4.32,4.285,4.245,4.2,4.18,4.14,4.115,4.085,,,,,
2023-11-20,,,,,,,,,,,,,,,,,,,,4.26,4.325,4.325,4.375,4.395,4.4,4.41,4.41,4.4,4.36,4.355,4.32,4.285,4.245,4.23,4.195,4.17,4.14,,,,,
2023-11-21,,,,,,,,,,,,,,,,,,,,4.26,4.325,4.325,4.38,4.395,4.405,4.415,4.415,4.405,4.37,4.355,4.325,4.28,4.23,4.215,4.17,4.14,4.105,,,,,
2023-11-22,,,,,,,,,,,,,,,,,,,,4.26,4.325,4.325,4.385,4.4,4.41,4.415,4.42,4.41,4.375,4.37,4.335,4.29,4.24,4.22,4.175,4.145,4.115,,,,,
2023-11-23,,,,,,,,,,,,,,,,,,,,4.26,4.34,4.34,4.415,4.445,4.465,4.48,4.485,4.48,4.46,4.45,4.42,4.385,4.34,4.32,4.28,4.245,4.215,,,,,
2023-11-24,,,,,,,,,,,,,,,,,,,,4.26,4.335,4.34,4.425,4.46,4.485,4.505,4.515,4.515,4.49,4.48,4.44,4.4,4.35,4.33,4.285,4.25,4.215,,,,,
2023-11-27,,,,,,,,,,,,,,,,,,,,4.26,4.34,4.34,4.42,4.465,4.49,4.52,4.53,4.53,4.505,4.495,4.47,4.43,4.38,4.365,4.315,4.285,4.25,,,,,
2023-11-28,,,,,,,,,,,,,,,,,,,,4.26,4.34,4.34,4.425,4.455,4.48,4.5,4.505,4.5,4.47,4.46,4.425,4.38,4.33,4.31,4.265,4.235,4.205,,,,,
2023-11-29,,,,,,,,,,,,,,,,,,,,4.26,4.325,4.325,4.385,4.395,4.405,4.415,4.41,4.39,4.35,4.33,4.285,4.24,4.19,4.17,4.125,4.09,4.055,,,,,
2023-11-30,,,,,,,,,,,,,,,,,,,,4.26,4.325,4.325,4.385,4.395,4.405,4.405,4.395,4.38,4.34,4.315,4.28,4.23,4.175,4.155,4.11,4.075,4.04,,,,,
2023-12-01,,,,,,,,,,,,,,,,,,,,,4.325,4.325,4.385,4.4,4.415,4.415,4.41,4.39,4.36,4.335,4.305,4.26,4.21,4.19,4.145,4.115,4.08,4.05,,,,
2023-12-04,,,,,,,,,,,,,,,,,,,,,4.33,4.33,4.385,4.39,4.4,4.4,4.385,4.365,4.33,4.31,4.265,4.22,4.17,4.15,4.105,4.07,4.035,3.99,,,,
2023-12-05,,,,,,,,,,,,,,,,,,,,,4.315,4.31,4.365,4.37,4.375,4.365,4.35,4.325,4.29,4.27,4.225,4.18,4.125,4.105,4.055,4.02,3.99,3.95,,,,
2023-12-06,,,,,,,,,,,,,,,,,,,,,4.315,4.31,4.335,4.33,4.31,4.265,4.24,4.205,4.16,4.135,4.09,4.04,3.985,3.96,3.915,3.885,3.855,3.82,,,,
2023-12-07,,,,,,,,,,,,,,,,,,,,,4.315,4.31,4.33,4.325,4.32,4.28,4.24,4.22,4.17,4.14,4.1,4.05,4.0,3.975,3.93,3.9,3.87,3.84,,,,
2023-12-08,,,,,,,,,,,,,,,,,,,,,4.31,4.31,4.335,4.33,4.315,4.27,4.245,4.205,4.16,4.14,4.095,4.05,4.0,3.98,3.935,3.905,3.88,3.85,,,,
2023-12-11,,,,,,,,,,,,,,,,,,,,,4.31,4.305,4.34,4.33,4.325,4.285,4.265,4.235,4.19,4.17,4.13,4.085,4.035,4.02,3.975,3.95,3.92,3.89,,,,
2023-12-12,,,,,,,,,,,,,,,,,,,,,4.315,4.305,4.34,4.335,4.33,4.29,4.265,4.23,4.19,4.17,4.125,4.08,4.035,4.015,3.97,3.945,3.925,3.895,,,,
2023-12-13,,,,,,,,,,,,,,,,,,,,,4.315,4.31,4.335,4.335,4.33,4.285,4.26,4.23,4.19,4.17,4.13,4.09,4.04,4.025,3.985,3.955,3.925,3.895,,,,
2023-12-14,,,,,,,,,,,,,,,,,,,,,4.315,4.305,4.315,4.275,4.245,4.16,4.125,4.07,4.005,3.96,3.9,3.845,3.795,3.78,3.74,3.71,3.68,3.65,,,,
2023-12-15,,,,,,,,,,,,,,,,,,,,,4.315,4.31,4.32,4.305,4.27,4.195,4.15,4.1,4.035,4.005,3.945,3.89,3.84,3.815,3.775,3.745,3.72,3.69,,,,
2023-12-18,,,,,,,,,,,,,,,,,,,,,4.315,4.31,4.32,4.295,4.245,4.165,4.115,4.06,3.985,3.95,3.88,3.815,3.755,3.735,3.695,3.67,3.645,3.61,,,,
2023-12-19,,,,,,,,,,,,,,,,,,,,,4.315,4.31,4.34,4.33,4.285,4.215,4.16,4.11,4.045,4.01,3.945,3.875,3.815,3.795,3.755,3.73,3.705,3.685,,,,
2023-12-20,,,,,,,,,,,,,,,,,,,,,4.315,4.31,4.335,4.315,4.275,4.19,4.145,4.09,4.01,3.975,3.905,3.84,3.78,3.755,3.715,3.685,3.66,3.635,,,,
2023-12-21,,,,,,,,,,,,,,,,,,,,,4.315,4.31,4.33,4.305,4.265,4.18,4.125,4.065,3.985,3.95,3.88,3.82,3.76,3.735,3.69,3.655,3.625,3.585,,,,
2023-12-22,,,,,,,,,,,,,,,,,,,,,4.315,4.31,4.335,4.315,4.27,4.18,4.12,4.055,3.975,3.94,3.87,3.805,3.74,3.715,3.665,3.635,3.6,3.565,,,,
2023-12-25,,,,,,,,,,,,,,,,,,,,,4.315,4.31,4.335,4.315,4.27,4.18,4.12,4.055,3.975,3.94,3.87,3.805,3.74,3.715,3.665,3.635,3.6,3.565,,,,
2023-12-26,,,,,,,,,,,,,,,,,,,,,4.315,4.31,4.335,4.315,4.27,4.18,4.12,4.055,3.975,3.94,3.87,3.805,3.74,3.715,3.665,3.635,3.6,3.565,,,,
2023-12-27,,,,,,,,,,,,,,,,,,,,,4.315,4.31,4.33,4.315,4.26,4.175,4.105,4.035,3.955,3.915,3.845,3.785,3.725,3.7,3.65,3.615,3.585,3.55,,,,
2023-12-28,,,,,,,,,,,,,,,,,,,,,4.315,4.315,4.335,4.315,4.265,4.16,4.1,4.025,3.92,3.88,3.81,3.75,3.685,3.66,3.61,3.575,3.54,3.495,,,,
2023-12-29,,,,,,,,,,,,,,,,,,,,,4.315,4.315,4.335,4.31,4.27,4.17,4.095,4.02,3.93,3.89,3.82,3.755,3.69,3.665,3.615,3.58,3.545,3.5,,,,
2024-01-01,,,,,,,,,,,,,,,,,,,,,,4.315,4.335,4.31,4.27,4.17,4.095,4.02,3.93,3.89,3.82,3.755,3.69,3.665,3.615,3.58,3.545,3.5,,,,
2024-01-02,,,,,,,,,,,,,,,,,,,,,,4.315,4.34,4.32,4.285,4.185,4.115,4.045,3.965,3.925,3.845,3.78,3.72,3.7,3.645,3.61,3.575,3.525,3.5,,,
2024-01-03,,,,,,,,,,,,,,,,,,,,,,4.315,4.335,4.325,4.295,4.225,4.155,4.095,4.015,3.975,3.905,3.84,3.785,3.76,3.71,3.675,3.64,3.59,3.575,,,
2024-01-04,,,,,,,,,,,,,,,,,,,,,,4.315,4.33,4.325,4.305,4.24,4.185,4.125,4.05,4.015,3.945,3.87,3.82,3.8,3.75,3.715,3.68,3.635,3.605,,,
2024-01-05,,,,,,,,,,,,,,,,,,,,,,4.315,4.33,4.33,4.31,4.265,4.215,4.165,4.1,4.065,4.0,3.925,3.875,3.86,3.815,3.785,3.75,3.705,3.69,,,
2024-01-08,,,,,,,,,,,,,,,,,,,,,,4.315,4.33,4.325,4.31,4.265,4.225,4.18,4.125,4.095,4.035,3.965,3.915,3.9,3.86,3.83,3.8,3.76,3.73,,,
2024-01-09,,,,,,,,,,,,,,,,,,,,,,4.315,4.33,4.32,4.305,4.25,4.2,4.155,4.085,4.05,3.985,3.915,3.855,3.83,3.785,3.75,3.715,3.67,3.65,,,
2024-01-10,,,,,,,,,,,,,,,,,,,,,,4.315,4.325,4.32,4.315,4.255,4.22,4.165,4.1,4.07,4.0,3.93,3.875,3.855,3.815,3.785,3.755,3.72,3.675,,,
2024-01-11,,,,,,,,,,,,,,,,,,,,,,4.315,4.325,4.315,4.305,4.245,4.21,4.16,4.095,4.07,4.01,3.94,3.88,3.86,3.81,3.775,3.74,3.7,3.67,,,
2024-01-12,,,,,,,,,,,,,,,,,,,,,,4.315,4.325,4.31,4.295,4.23,4.19,4.14,4.07,4.035,3.965,3.89,3.815,3.79,3.735,3.7,3.665,3.625,3.595,,,
2024-01-15,,,,,,,,,,,,,,,,,,,,,,4.315,4.32,4.31,4.295,4.235,4.195,4.15,4.07,4.035,3.955,3.88,3.81,3.78,3.725,3.685,3.65,3.6,3.57,,,
2024-01-16,,,,,,,,,,,,,,,,,,,,,,4.315,4.32,4.31,4.295,4.245,4.21,4.17,4.1,4.065,3.99,3.915,3.845,3.815,3.765,3.73,3.695,3.66,3.635,,,
2024-01-17,,,,,,,,,,,,,,,,,,,,,,4.315,4.325,4.315,4.31,4.27,4.245,4.215,4.155,4.125,4.055,3.975,3.91,3.885,3.83,3.795,3.755,3.715,3.69,,,
2024-01-18,,,,,,,,,,,,,,,,,,,,,,4.315,4.325,4.315,4.305,4.27,4.25,4.23,4.18,4.155,4.095,4.025,3.965,3.94,3.895,3.86,3.825,3.785,3.755,,,
2024-01-19,,,,,,,,,,,,,,,,,,,,,,4.315,4.325,4.315,4.305,4.275,4.26,4.235,4.19,4.17,4.115,4.045,3.985,3.965,3.915,3.885,3.855,3.82,3.79,,,
2024-01-22,,,,,,,,,,,,,,,,,,,,,,4.315,4.32,4.315,4.295,4.255,4.235,4.22,4.17,4.145,4.095,4.025,3.97,3.94,3.885,3.855,3.815,3.78,3.75,,,
2024-01-23,,,,,,,,,,,,,,,,,,,,,,4.315,4.32,4.31,4.295,4.255,4.225,4.2,4.14,4.115,4.06,3.985,3.925,3.905,3.85,3.815,3.78,3.735,3.71,,,
2024-01-24,,,,,,,,,,,,,,,,,,,,,,4.315,4.32,4.315,4.3,4.265,4.24,4.215,4.165,4.135,4.08,4.005,3.94,3.915,3.86,3.825,3.79,3.75,3.72,,,
2024-01-25,,,,,,,,,,,,,,,,,,,,,,4.315,4.325,4.32,4.305,4.27,4.245,4.22,4.165,4.14,4.085,4.015,3.955,3.93,3.875,3.84,3.805,3.765,3.725,,,
2024-01-26,,,,,,,,,,,,,,,,,,,,,,4.315,4.325,4.32,4.305,4.27,4.245,4.22,4.165,4.14,4.085,4.015,3.955,3.93,3.875,3.84,3.805,3.765,3.725,,,
2024-01-29,,,,,,,,,,,,,,,,,,,,,,4.315,4.325,4.32,4.3,4.26,4.225,4.195,4.13,4.1,4.035,3.97,3.895,3.87,3.815,3.78,3.74,3.7,3.67,,,
2024-01-30,,,,,,,,,,,,,,,,,,,,,,4.315,4.325,4.315,4.295,4.255,4.225,4.19,4.13,4.095,4.04,3.965,3.895,3.865,3.81,3.77,3.735,3.69,3.66,,,
2024-01-31,,,,,,,,,,,,,,,,,,,,,,4.315,4.315,4.3,4.275,4.205,4.15,4.1,4.015,3.975,3.895,3.81,3.735,3.71,3.655,3.615,3.575,3.54,3.505,,,
2024-02-01,,,,,,,,,,,,,,,,,,,,,,,4.31,4.29,4.26,4.2,4.145,4.095,4.0,3.96,3.88,3.785,3.71,3.685,3.63,3.59,3.555,3.515,3.485,3.46,,
2024-02-02,,,,,,,,,,,,,,,,,,,,,,,4.31,4.295,4.265,4.205,4.15,4.095,4.0,3.955,3.87,3.77,3.7,3.67,3.615,3.58,3.545,3.505,3.475,3.44,,
2024-02-05,,,,,,,,,,,,,,,,,,,,,,,4.315,4.305,4.295,4.25,4.23,4.205,4.125,4.09,4.015,3.935,3.87,3.845,3.795,3.755,3.715,3.675,3.645,3.62,,
2024-02-06,,,,,,,,,,,,,,,,,,,,,,,4.315,4.305,4.295,4.25,4.23,4.205,4.125,4.09,4.015,3.935,3.87,3.845,3.795,3.755,3.715,3.675,3.645,3.62,,
2024-02-07,,,,,,,,,,,,,,,,,,,,,,,4.315,4.3,4.29,4.25,4.225,4.19,4.105,4.065,3.99,3.9,3.83,3.805,3.745,3.705,3.67,3.625,3.595,3.565,,
2024-02-08,,,,,,,,,,,,,,,,,,,,,,,4.315,4.3,4.295,4.245,4.22,4.185,4.105,4.07,3.995,3.905,3.84,3.815,3.76,3.72,3.685,3.645,3.615,3.585,,
2024-02-09,,,,,,,,,,,,,,,,,,,,,,,4.315,4.305,4.295,4.255,4.23,4.205,4.135,4.1,4.02,3.94,3.875,3.85,3.79,3.755,3.725,3.685,3.65,3.625,,
2024-02-12,,,,,,,,,,,,,,,,,,,,,,,4.315,4.305,4.295,4.27,4.245,4.23,4.155,4.13,4.06,3.985,3.925,3.905,3.855,3.82,3.785,3.745,3.715,3.695,,
2024-02-13,,,,,,,,,,,,,,,,,,,,,,,4.315,4.305,4.29,4.255,4.235,4.215,4.145,4.12,4.055,3.99,3.93,3.91,3.86,3.825,3.79,3.755,3.725,3.7,,
2024-02-14,,,,,,,,,,,,,,,,,,,,,,,4.315,4.31,4.3,4.275,4.25,4.235,4.19,4.165,4.12,4.065,4.02,4.005,3.96,3.93,3.9,3.86,3.835,3.81,,
2024-02-15,,,,,,,,,,,,,,,,,,,,,,,4.315,4.31,4.29,4.25,4.225,4.19,4.125,4.095,4.045,3.96,3.905,3.9,3.85,3.815,3.78,3.74,3.71,3.69,,
2024-02-16,,,,,,,,,,,,,,,,,,,,,,,4.315,4.305,4.29,4.26,4.235,4.205,4.15,4.125,4.075,3.995,3.955,3.935,3.885,3.85,3.82,3.785,3.76,3.74,,
2024-02-19,,,,,,,,,,,,,,,,,,,,,,,4.315,4.305,4.295,4.26,4.24,4.2,4.15,4.12,4.07,4.0,3.95,3.935,3.88,3.85,3.82,3.785,3.76,3.735,,
2024-02-20,,,,,,,,,,,,,,,,,,,,,,,4.315,4.305,4.295,4.26,4.235,4.2,4.14,4.11,4.06,3.98,3.935,3.915,3.865,3.835,3.805,3.775,3.75,3.725,,
2024-02-21,,,,,,,,,,,,,,,,,,,,,,,4.315,4.305,4.295,4.265,4.235,4.19,4.125,4.1,4.05,3.97,3.92,3.9,3.85,3.815,3.785,3.755,3.725,3.705,,
2024-02-22,,,,,,,,,,,,,,,,,,,,,,,4.315,4.31,4.3,4.27,4.23,4.2,4.14,4.11,4.06,3.98,3.935,3.905,3.86,3.83,3.8,3.765,3.74,3.715,,
2024-02-23,,,,,,,,,,,,,,,,,,,,,,,4.315,4.315,4.305,4.28,4.25,4.225,4.18,4.155,4.11,4.045,3.99,3.975,3.925,3.895,3.865,3.83,3.805,3.785,,
2024-02-26,,,,,,,,,,,,,,,,,,,,,,,4.315,4.31,4.3,4.275,4.25,4.215,4.15,4.12,4.07,4.0,3.945,3.93,3.88,3.845,3.82,3.785,3.76,3.735,,
2024-02-27,,,,,,,,,,,,,,,,,,,,,,,4.315,4.315,4.305,4.275,4.25,4.22,4.17,4.14,4.09,4.01,3.965,3.945,3.895,3.86,3.83,3.795,3.77,3.75,,
2024-02-28,,,,,,,,,,,,,,,,,,,,,,,4.315,4.31,4.3,4.27,4.25,4.22,4.16,4.13,4.08,4.005,3.955,3.935,3.885,3.855,3.825,3.79,3.765,3.745,,
2024-02-29,,,,,,,,,,,,,,,,,,,,,,,4.315,4.31,4.3,4.275,4.24,4.215,4.16,4.13,4.065,3.995,3.94,3.925,3.865,3.83,3.8,3.76,3.735,3.71,,
2024-03-01,,,,,,,,,,,,,,,,,,,,,,,,4.315,4.3,4.275,4.25,4.225,4.165,4.14,4.08,4.01,3.96,3.945,3.885,3.85,3.82,3.78,3.755,3.73,3.68,
2024-03-04,,,,,,,,,,,,,,,,,,,,,,,,4.315,4.305,4.27,4.245,4.22,4.15,4.115,4.065,3.98,3.925,3.91,3.85,3.815,3.78,3.74,3.71,3.69,3.655,
2024-03-05,,,,,,,,,,,,,,,,,,,,,,,,4.315,4.3,4.275,4.245,4.22,4.15,4.12,4.065,3.985,3.935,3.92,3.865,3.83,3.795,3.755,3.725,3.7,3.66,
2024-03-06,,,,,,,,,,,,,,,,,,,,,,,,4.315,4.305,4.27,4.24,4.205,4.135,4.105,4.045,3.965,3.91,3.89,3.83,3.79,3.755,3.715,3.685,3.66,3.605,
2024-03-07,,,,,,,,,,,,,,,,,,,,,,,,4.315,4.3,4.27,4.24,4.205,4.135,4.1,4.04,3.96,3.9,3.88,3.815,3.78,3.74,3.695,3.665,3.635,3.61,
2024-03-08,,,,,,,,,,,,,,,,,,,,,,,,4.31,4.3,4.27,4.23,4.195,4.12,4.09,4.03,3.94,3.88,3.86,3.79,3.75,3.71,3.67,3.635,3.61,3.57,
2024-03-11,,,,,,,,,,,,,,,,,,,,,,,,4.31,4.305,4.27,4.235,4.19,4.1,4.065,3.995,3.905,3.845,3.825,3.755,3.715,3.68,3.64,3.605,3.58,3.54,
2024-03-12,,,,,,,,,,,,,,,,,,,,,,,,4.31,4.305,4.27,4.23,4.185,4.1,4.065,3.99,3.905,3.845,3.82,3.75,3.71,3.67,3.63,3.6,3.575,3.525,
2024-03-13,,,,,,,,,,,,,,,,,,,,,,,,4.315,4.305,4.275,4.245,4.2,4.125,4.09,4.03,3.945,3.89,3.87,3.795,3.755,3.72,3.68,3.65,3.625,3.595,
2024-03-14,,,,,,,,,,,,,,,,,,,,,,,,4.315,4.305,4.28,4.25,4.205,4.135,4.1,4.05,3.965,3.91,3.89,3.825,3.79,3.76,3.72,3.69,3.67,3.635,
2024-03-15,,,,,,,,,,,,,,,,,,,,,,,,4.315,4.31,4.285,4.25,4.23,4.16,4.14,4.09,4.01,3.96,3.935,3.885,3.86,3.83,3.795,3.77,3.745,3.715,
2024-03-18,,,,,,,,,,,,,,,,,,,,,,,,4.315,4.31,4.285,4.255,4.225,4.165,4.135,4.09,4.015,3.965,3.95,3.895,3.865,3.83,3.795,3.765,3.74,3.71,
2024-03-19,,,,,,,,,,,,,,,,,,,,,,,,4.315,4.315,4.285,4.245,4.205,4.13,4.1,4.05,3.965,3.905,3.885,3.825,3.795,3.76,3.72,3.695,3.67,3.635,
2024-03-20,,,,,,,,,,,,,,,,,,,,,,,,4.315,4.31,4.285,4.25,4.205,4.135,4.1,4.045,3.96,3.905,3.885,3.815,3.79,3.755,3.715,3.685,3.665,3.63,
2024-03-21,,,,,,,,,,,,,,,,,,,,,,,,4.315,4.315,4.295,4.275,4.245,4.17,4.135,4.085,4.005,3.95,3.935,3.865,3.835,3.795,3.75,3.72,3.695,3.665,
2024-03-22,,,,,,,,,,,,,,,,,,,,,,,,4.315,4.315,4.29,4.27,4.245,4.155,4.13,4.07,3.985,3.925,3.905,3.835,3.795,3.755,3.715,3.68,3.655,3.625,
2024-03-25,,,,,,,,,,,,,,,,,,,,,,,,4.315,4.315,4.3,4.27,4.235,4.155,4.115,4.055,3.955,3.89,3.87,3.795,3.76,3.72,3.67,3.635,3.605,3.57,
2024-03-26,,,,,,,,,,,,,,,,,,,,,,,,4.32,4.31,4.295,4.27,4.24,4.15,4.12,4.06,3.965,3.9,3.875,3.81,3.77,3.73,3.685,3.65,3.62,3.585,
2024-03-27,,,,,,,,,,,,,,,,,,,,,,,,4.315,4.315,4.295,4.275,4.245,4.16,4.13,4.075,3.985,3.915,3.89,3.82,3.78,3.74,3.69,3.655,3.625,3.585,
2024-03-28,,,,,,,,,,,,,,,,,,,,,,,,4.315,4.315,4.3,4.28,4.255,4.17,4.14,4.08,3.985,3.915,3.885,3.815,3.775,3.73,3.67,3.625,3.585,3.545,
2024-03-29,,,,,,,,,,,,,,,,,,,,,,,,,4.315,4.3,4.28,4.255,4.17,4.14,4.08,3.985,3.915,3.885,3.815,3.775,3.73,3.67,3.625,3.585,3.545,
2024-04-01,,,,,,,,,,,,,,,,,,,,,,,,,4.315,4.3,4.28,4.255,4.17,4.14,4.08,3.985,3.915,3.885,3.815,3.775,3.73,3.67,3.625,3.585,3.545,
2024-04-02,,,,,,,,,,,,,,,,,,,,,,,,,4.315,4.305,4.29,4.27,4.2,4.165,4.115,4.03,3.96,3.935,3.865,3.825,3.785,3.735,3.7,3.67,3.625,3.6
2024-04-03,,,,,,,,,,,,,,,,,,,,,,,,,4.315,4.305,4.29,4.275,4.215,4.195,4.145,4.07,4.01,3.99,3.935,3.9,3.86,3.82,3.785,3.755,3.72,3.7
2024-04-04,,,,,,,,,,,,,,,,,,,,,,,,,4.315,4.305,4.29,4.275,4.215,4.195,4.145,4.07,4.01,3.99,3.935,3.9,3.86,3.82,3.785,3.755,3.72,3.7
2024-04-05,,,,,,,,,,,,,,,,,,,,,,,,,4.315,4.3,4.285,4.275,4.21,4.185,4.13,4.055,3.995,3.97,3.905,3.865,3.825,3.775,3.74,3.71,3.68,3.655
2024-04-08,,,,,,,,,,,,,,,,,,,,,,,,,4.315,4.305,4.29,4.275,4.22,4.205,4.15,4.09,4.03,4.005,3.95,3.915,3.88,3.84,3.81,3.78,3.75,3.73
2024-04-09,,,,,,,,,,,,,,,,,,,,,,,,,4.315,4.3,4.29,4.27,4.215,4.195,4.15,4.075,4.015,3.995,3.935,3.905,3.87,3.83,3.8,3.775,3.745,3.725
2024-04-10,,,,,,,,,,,,,,,,,,,,,,,,,4.315,4.3,4.285,4.27,4.21,4.185,4.135,4.055,3.995,3.97,3.91,3.87,3.835,3.79,3.755,3.73,3.695,3.675
2024-04-11,,,,,,,,,,,,,,,,,,,,,,,,,4.315,4.305,4.295,4.285,4.24,4.24,4.21,4.145,4.1,4.085,4.045,4.015,3.985,3.95,3.925,3.9,3.865,3.845
2024-04-12,,,,,,,,,,,,,,,,,,,,,,,,,4.315,4.305,4.3,4.29,4.26,4.25,4.23,4.175,4.13,4.105,4.065,4.04,4.01,3.975,3.95,3.925,3.89,3.875
2024-04-15,,,,,,,,,,,,,,,,,,,,,,,,,4.315,4.3,4.29,4.28,4.23,4.22,4.2,4.14,4.095,4.075,4.03,4.005,3.98,3.945,3.915,3.89,3.86,3.84
2024-04-16,,,,,,,,,,,,,,,,,,,,,,,,,4.315,4.305,4.29,4.28,4.25,4.24,4.225,4.175,4.14,4.12,4.08,4.055,4.025,3.985,3.96,3.935,3.905,3.885
2024-04-17,,,,,,,,,,,,,,,,,,,,,,,,,4.315,4.305,4.29,4.28,4.25,4.24,4.235,4.195,4.175,4.155,4.12,4.1,4.075,4.045,4.02,4.0,3.975,3.96
2024-04-18,,,,,,,,,,,,,,,,,,,,,,,,,4.315,4.305,4.29,4.27,4.24,4.23,4.215,4.16,4.13,4.115,4.07,4.045,4.015,3.98,3.955,3.935,3.91,3.895
2024-04-19,,,,,,,,,,,,,,,,,,,,,,,,,4.315,4.3,4.285,4.26,4.225,4.215,4.195,4.135,4.1,4.085,4.035,4.005,3.975,3.935,3.91,3.885,3.86,3.845
2024-04-22,,,,,,,,,,,,,,,,,,,,,,,,,4.315,4.305,4.29,4.275,4.24,4.23,4.215,4.17,4.13,4.115,4.07,4.04,4.015,3.98,3.95,3.925,3.9,3.88
2024-04-23,,,,,,,,,,,,,,,,,,,,,,,,,4.315,4.305,4.29,4.275,4.24,4.23,4.215,4.17,4.135,4.12,4.075,4.045,4.02,3.985,3.955,3.93,3.905,3.885
2024-04-24,,,,,,,,,,,,,,,,,,,,,,,,,4.315,4.32,4.325,4.34,4.37,4.36,4.35,4.325,4.305,4.295,4.245,4.22,4.205,4.165,4.14,4.11,4.08,4.055
2024-04-25,,,,,,,,,,,,,,,,,,,,,,,,,4.315,4.32,4.325,4.34,4.37,4.36,4.35,4.325,4.305,4.295,4.245,4.22,4.205,4.165,4.14,4.11,4.08,4.055
2024-04-26,,,,,,,,,,,,,,,,,,,,,,,,,4.315,4.325,4.335,4.355,4.405,4.425,4.455,4.43,4.415,4.405,4.355,4.38,4.365,4.325,4.3,4.27,4.24,4.215
2024-04-29,,,,,,,,,,,,,,,,,,,,,,,,,4.315,4.305,4.29,4.27,4.24,4.23,4.215,4.16,4.13,4.115,4.07,4.045,4.015,3.98,3.955,3.935,3.91,3.895
2024-04-30,,,,,,,,,,,,,,,,,,,,,,,,,4.315,4.305,4.29,4.27,4.24,4.23,4.215,4.16,4.13,4.115,4.07,4.045,4.015,3.98,3.955,3.935,3.91,3.895
2024-05-01,,,,,,,,,,,,,,,,,,,,,,,,,,4.305,4.29,4.27,4.24,4.23,4.215,4.16,4.13,4.115,4.07,4.045,4.015,3.98,3.955,3.935,3.91,3.895
2024-05-02,,,,,,,,,,,,,,,,,,,,,,,,,,4.305,4.29,4.27,4.24,4.23,4.215,4.16,4.13,4.115,4.07,4.045,4.015,3.98,3.955,3.935,3.91,3.895
